XID,Name,Kind,City,OSM,WikiData,Rate,Lon,Lat,NewWikiData,Description
W38411380,Динамо,"sport,architecture,historic_architecture,interesting_places,stadiums,other_buildings_and_structures",Екатеринбург,way/38411380,Q37996725,3h,60.600349,56.845398,Q37996725,"«Динамо» — многофункциональный спортивный комплекс в Екатеринбурге, включающий стадион вместимостью 6 400 человек, лодочную станцию, административное здание с бассейном на две дорожки, спортивными залами и тиром. Место проведения домашних матчей клуба по хоккею на траве «Динамо», бывший стадион футбольного клуба «Динамо» в 1936—1950 годах."
W38581890,Дом обороны,"architecture,historic_architecture,interesting_places,other_buildings_and_structures",Екатеринбург,way/38581890,Q55209768,3h,60.602409,56.835133,Q55209768,"Дом обороны — комплекс зданий, в котором размещался клуб, спортивный техникум и жилой дом, расположенный в Екатеринбурге, на улице Малышева, дом 31д/ улица Воеводина, дом 6, возведённый в 1934 году архитектором Г. П. Валенковым. Комплекс выполнен в форме типичного конструктивизма 1930-х годов."
N1930476141,№28 Здание городской электростанции «Луч»,"architecture,historic_architecture,interesting_places,other_buildings_and_structures",Екатеринбург,node/1930476141,Q55154121,3h,60.60743,56.833691,Q55154121,"Городская электростанция «Луч» (Здания «Товарищества электрического освещения Андрей Елтышев и К°») — комплекс зданий электростанции, расположенного по адресу город Екатеринбург, улица Горького, дом 43. Здание электростанции, построенное в 1903—1905 годах, является образцом промышленного сооружения в кирпичном стиле. Двухэтажный флигель — дом служащих электростанции, построенный в 1894 году, является образцом промышленного здания в формах эклектики, расположено в доме 43б. Труба дымовая восьмигранная."
N3002726097,№27 Дом Г.Н. Скрябина,"architecture,historic_architecture,interesting_places,other_buildings_and_structures",Екатеринбург,node/3002726097,Q55232375,3h,60.607075,56.834225,Q55232375,"Дом Е.Д. Скрябиной — здание, расположенное в Екатеринбурге, на улице Горького, дом 6, и построенное в 1882 году. Дом является образцом жилой застройки города Екатеринбурга конца XIX века в формах эклектики."
N2475691784,Литературная жизнь Урала XX века,"cultural,museums,interesting_places,other_museums",Екатеринбург,node/2475691784,Q4306077,3h,60.606716,56.842705,Q4306077,«Литерату́рная жизнь Ура́ла XX ве́ка» — литературный музей в городе Екатеринбурге. Входит в состав Объединённого музея писателей Урала.
W55235295,Дом-музей Бажова,"biographical_museums,cultural,museums,children_museums,interesting_places",Екатеринбург,way/55235295,Q4290214,3h,60.613415,56.818394,Q4290214,"Мемориа́льный дом-музе́й П. П. Бажо́ва — дом-музей в городе Екатеринбурге. Дом, в котором жил уральский писатель Павел Петрович Бажов.

"
N181286204,Театр кукол,"puppetries,cultural,cinemas,theatres_and_entertainments,interesting_places",Екатеринбург,node/181286204,Q4227893,3h,60.610809,56.839527,Q4227893,"Колизе́й — кинотеатр в Екатеринбурге и старейший зал города. Располагается в здании первого городского театра, на проспекте Ленина, 43."
W35090291,Харитоновский сад,"urban_environment,gardens_and_parks,cultural,interesting_places",Екатеринбург,way/35090291,Q4495944,3h,60.613251,56.846531,Q4495944,"Харито́новский сад — английский парк в Екатеринбурге, примыкает к усадьбе Расторгуевых — Харитоновых. Заложен в 1826 году, назван по имени основателя П. Я. Харитонова. В парке есть искусственное озеро с двумя насыпными островками и круглой беседкой-ротондой.
В южной части парка сохранилось единственное сооружение из первоначальных садовых построек в парке — грот. Изначально грот представлял собой куполообразное сооружение, построенное из кирпича и засыпанное снаружи землей «в подражание пещеры», а на его вершине стояла деревянная беседка, выполненная в китайском вкусе. В гроте (погребе) хранились рейнские вина и делалось мороженое. В беседке же находился столик, а под столиком лифт, приводимый в движение воротом, и из грота прямиком в беседку выезжало мороженое. На сегодняшний день сохранилась только кирпичная подземная часть. Грот является одним из элементов объекта культурного наследия усадьбы Расторгуева-Харитонова.
Символом парка является ротонда, построенная на искусственном острове в центре пруда. Данная ротонда была возведена в 1935—1937 годах при реконструкции парка, проводимой под руководством архитектора Емельянова В. В. До неё на островах не было никаких искусственных сооружений. Изначально из центра ротонды били струи фонтана, но уже очень давно фонтан не работает.
Не сохранившимся объектом культурного наследия является старая ротонда в южной части парка на вершине горки. От ротонды лучами расходились три каменные лестницы, она была запечатлена на уникальных цветных фотографиях Прокудина-Горского в 1910 году. В советское время использовалась как помещение шахматного клуба, игротека и библиотека в саду при дворце пионеров, но в 1970—1980-х годах начала приходить в запустение и использовалась в качестве склада для хранения декораций. Окончательно после пожара была снесена в 1990 году.
В 2005 году по заказу города был разработан проект реконструкции парка, который в том числе включал восстановление ротонды, однако в связи с переходом парка из муниципальной в федеральную собственность проект был заморожен.
По некоторым данным, под парком проходят старые подземные ходы, один из которых обнаружили после обвала в 1924 году. По легендам, купец-старовер Лев Иванович Расторгуев, опасаясь гонений, проложил из дома ходы через парк, под Вознесенской площадью до городского пруда. По другим легендам, эти ходы — остатки тайных штолен, где Расторгуев добывал золото."
W46993188,Храм в честь Вознесения Господня,"religion,churches,interesting_places,eastern_orthodox_churches",Екатеринбург,way/46993188,Q4500740,3h,60.612843,56.844761,Q4500740,"Хра́м в честь Вознесе́ния Госпо́дня — приходской православный храм в Екатеринбурге, один из старейших храмов города. Принадлежит Екатеринбургской епархии Русской православной церкви."
W43554808,Суворовское училище,"architecture,historic_architecture,interesting_places,other_buildings_and_structures",Екатеринбург,way/43554808,Q4174329,3h,60.647209,56.845078,Q4174329,"Екатеринбургское суворовское военное училище (ЕкСВУ) — довузовское военно-учебное заведение Министерства обороны Российской Федерации, создано изначально 19 декабря 1943 года в Ельце под названием «Орловское СВУ» (ОрСВУ), в сентябре 1947 года переведено в Свердловск и первоначально называлось «Свердловское СВУ» (СвСВУ). Подчинено командующему войсками Центрального военного округа."
W46866652,Свято-Троицкий Кафедральный собор,"religion,cathedrals,churches,interesting_places,eastern_orthodox_churches",Екатеринбург,way/46866652,Q4463552,3h,60.614399,56.827347,Q4463552,"Свято-Троицкий собор (Рязановская церковь) — православный храм в Екатеринбурге, кафедральный собор Екатеринбургской митрополии и епархии Русской православной церкви. Здание представляет собой характерный образец культовой архитектуры русского классицизма первой половины XIX века."
N6511782886,Дом-музей Д. Н. Мамина-Сибиряка,"biographical_museums,cultural,museums,children_museums,interesting_places,art_galleries",Екатеринбург,node/6511782886,Q4263805,3h,60.607212,56.84132,Q4263805,"Литерату́рно-мемориа́льный дом-музе́й Д. Н. Ма́мина-Сибиряка́ — музей в городе Екатеринбурге, посвящённый памяти писателя Дмитрия Наркисовича Мамина-Сибиряка."
W59804414,Художественный Музей Эрнста Неизвестного,"cultural,museums,interesting_places,art_galleries",Екатеринбург,way/59804414,Q16714939,3h,60.603756,56.83168,Q16714939,"Художественный музей Эрнста Неизвестного — государственный музей в Екатеринбурге, посвященный творчеству скульптора и художника Эрнста Неизвестного, уроженца города. Это первый в России музей Э. Неизвестного, открытый в его 88-й день рождения, 9 апреля 2013 года, по инициативе ряда общественных деятелей Екатеринбурга и при поддержке губернатора Свердловской области.
Экспозиция музея размещена в самом центре Екатеринбурга, в старинном здании середины XIX века (бывший дом У. О. Петелиной, является объектом культурного наследия). Каменный дом стоит на красной линии улицы Добролюбова (бывшей Госпитальной ул.), прямо напротив резиденции Представителя Президента Российской Федерации в Уральском федеральном округе.
Музей Эрнста Неизвестного создан на базе живописных (станковых) и графических работ (рисунков, станковых гравюр, книжных иллюстраций), скульптуры малых форм, ювелирных изделий, иллюстрированных книжных изданий и эксклюзивных фотографий, электронного архива и личных вещей художника.
Основу коллекции составляют авторские подлинники, в том числе подаренные специально музею, а также официальные тиражные издания и материалы из личного архива художника, фотографии и электронные архивы сети Интернет.

"
W948556954,Серго Орджоникидзе,"historic,monuments_and_memorials,interesting_places,monuments",Екатеринбург,way/948556954,Q107506739,3h,60.592449,56.885479,Q107506739,Пáмятник Г. К. Орджоники́дзе — монумент советскому политику и государственному деятелю Серго Орджоникидзе в Екатеринбурге авторства скульптора Г. В. Нероды и архитектора А. А. Бойко. Открыт 24 июля 1955 года на площади 1-й Пятилетки перед центральной проходной Уралмашзавода. Является памятником архитектуры местного значения.
N1779665538,Н. И. Кузнецову,"historic,monuments_and_memorials,interesting_places,monuments",Екатеринбург,node/1779665538,Q107538882,3h,60.577671,56.890465,Q107538882,"Пáмятник Н. И. Кузнецо́ву — монумент советскому разведчику, Герою Советского Союза Н. И. Кузнецову в Екатеринбурге авторства скульптора В. Е. Егорова и архитектора Г. И. Белянкина. Открыт 7 мая 1985 года на площади перед Дворцом культуры Уралмашзавода."
W166552564,Успенский собор на ВИЗе,"religion,churches,interesting_places,eastern_orthodox_churches",Екатеринбург,way/166552564,Q54888981,3h,60.556461,56.839237,Q54888981,"Успенский собор (Собор в честь Успения Пресвятой Богородицы) — действующий православный храм в Екатеринбурге, расположенный в микрорайоне ВИЗ и построенный в 1838 году. Собор представляет собой образец русского классицизма, является архитектурной достопримечательностью Верх-Исетского района."
W922392676,Царский мост,"bridges,architecture,interesting_places,other_bridges",Екатеринбург,way/922392676,Q4503250,3h,60.613163,56.823517,Q4503250,"Ца́рский мост (Александровский мост) — автодорожный каменный арочный мост через реку Исеть в Екатеринбурге. Объект культурного наследия России федерального значения. Расположен по оси улицы Декабристов, бывшего Александровского проспекта. Выше по течению находится мост по улице Куйбышева, ниже — Никольский мост."
N5755762950,Дом печати (Екатеринбург),"architecture,historic_architecture,interesting_places,other_buildings_and_structures",Екатеринбург,node/5755762950,Q13668404,3h,60.61459,56.839989,Q13668404,"Здание типографии издательства «Уральский рабочий» (Дом печати) — здание в Екатеринбурге на пересечении проспекта Ленина и улицы Тургенева. Построено в 1929—1930 годах для редакции и типографии газеты «Уральский рабочий». Является памятником конструктивизма, имеет статус памятника архитектуры федерального значения."
N457304363,Музей изобразительных искусств,"cultural,museums,interesting_places,art_galleries",Екатеринбург,node/457304363,Q4174318,3h,60.603241,56.835182,Q4174318,"Екатеринбу́ргский музе́й изобрази́тельных иску́сств — крупнейший художественный музей Урала, имеет четыре здания — главное расположено на берегу реки Исети в Екатеринбурге, в Историческом сквере, второе — на улице Вайнера, 11, где в 2021 году открылся культурно-выставочный центр «Эрмитаж-Урал», третье здание — Музей наивного искусства на ул. Розы Люксембург, 18, и Центр истории камнерезного дела имени А. К. Денисова-Уральского на ул. Пушкина, 5."
W50837336,Александро-Невский собор,"religion,churches,interesting_places,eastern_orthodox_churches",Екатеринбург,way/50837336,Q4061042,3h,60.598534,56.822884,Q4061042,"Алекса́ндро-Не́вский собо́р — православный храм в Екатеринбурге, собор Ново-Тихвинского монастыря."
W947205778,"Здание бывшей гостиницы ""Мадрид""","architecture,historic_architecture,accomodations,interesting_places,other_hotels,other_buildings_and_structures",Екатеринбург,way/947205778,Q106150540,3h,60.588634,56.886154,Q106150540,"Гости́ница «Мадри́д» — недействующий отель в Екатеринбурге, расположенный на площади 1-й Пятилетки. Строился по проекту архитекторов Безрукова В. В. и Оранского П. В. с участием Шефлера Б. М. в 1933—1937 годах. Является частью архитектурного ансамбля зданий площади 1-й Пятилетки Екатеринбурга и памятником архитектуры федерального значения. В плане сооружение имеет угловую форму и находится между сходящимися к площади улицей Машиностроителей и бульваром Культуры."
W313780001,Уральский государственный медицинский университет,"architecture,historic_architecture,interesting_places,other_buildings_and_structures",Екатеринбург,way/313780001,Q4476708,3h,60.576317,56.832996,Q4476708,"Уральский государственный медицинский университет (УГМУ) — единственное высшее учебное заведение в Свердловской области, которое готовит врачей и провизоров с высшим образованием. Одно из немногих государственных высших учебных заведений региона, не имеющих непрофильных специальностей."
W587989335,Центральный стадион,"sport,architecture,historic_architecture,interesting_places,stadiums,other_buildings_and_structures",Екатеринбург,way/587989335,Q190779,3h,60.573956,56.832283,Q190779,"«Екатеринбу́рг Аре́на» (до 2018 года — стадион «Центральный») — крупнейшее в Екатеринбурге спортивное сооружение, до 2015 года — многофункциональный, после проведения последней реконструкции — исключительно футбольный стадион.
Стадион построен в 1953—1957 годах, с 2006 по 2011 год находился на реконструкции. С 7 октября 2015 по 29 декабря 2017 проведена новая реконструкция, стадион приведён к соответствию требованиям FIFA для чемпионатов мира.
На стадионе прошли четыре матча группового этапа чемпионата мира по футболу 2018 года. На время проведения чемпионата вместимость стадиона составляла 35 000 мест, включая места на сборно-разборных трибунах. После чемпионата их планировали демонтировать, однако они остаются и до Универсиады-2023. Стадион имеет статус объекта культурного наследия и включён в список памятников культуры регионального значения."
R152269,Уральская государственная консерватория,"architecture,historic_architecture,interesting_places,other_buildings_and_structures",Екатеринбург,relation/152269,Q4476712,3h,60.599995,56.837444,Q4476712,"Уральская государственная консерватория имени М. П. Мусоргского (УГК) — федеральное государственное бюджетное образовательное учреждение высшего (ФГБОУ ВО), расположенное в Екатеринбурге. Открыта в 1934 по приказу № 112 Наркомпроса РСФСР от 13.02.1934, став первым музыкальным вузом на территории Урала, Сибири и Дальнего Востока. До 29.06.1945 консерватория называлась Свердловской (СГК)."
W128158539,Преображенская церковь на Уктусе,"religion,churches,interesting_places,eastern_orthodox_churches",Екатеринбург,way/128158539,Q3935233,3h,60.649147,56.780872,Q3935233,"Преображе́нская це́рковь (Храм Преображе́ния Госпо́дня) — действующий православный храм в Екатеринбурге, расположенный в микрорайоне Уктус. Церковь построена в 1809 году на месте деревянной Никольской церкви, освящённой в 1712 году."
N964623543,Уральский геологический музей,"cultural,museums,science_museums,interesting_places",Екатеринбург,node/964623543,Q4476747,3h,60.59547,56.826492,Q4476747,"Уральский геологический музей — музей при Уральском горном университете, содержащий богатую коллекцию геологических образцов Уральского региона. Насчитывает более 40 тысяч экспонатов. Имеет отделения минералогии, полезных ископаемых, петрографии, общей и исторической геологии."
N474950055,Дом Метенкова,"cultural,museums,interesting_places,other_museums",Екатеринбург,node/474950055,Q4165339,3h,60.610954,56.841991,Q4165339,"Фотографический музей «Дом Метенко́ва» — музей фотографии, расположенный в Екатеринбурге в доме фотолетописца Вениамина Леонтьевича Метенкова, является памятником истории регионального значения."
W62228491,Гимназия № 9,"architecture,historic_architecture,interesting_places,other_buildings_and_structures",Екатеринбург,way/62228491,Q15298893,3h,60.600273,56.838516,Q15298893,"Гимназия № 9 (до революции — «Екатеринбургская мужская гимназия»; в советское время — «Средняя школа № 9»; в просторечии — «Девятка») — одно из старейших учебных заведений Екатеринбурга, основана в 1861 году. Расположена в самом центре города — между площадью 1905 года и «Плотинкой».
Гимназия была колыбелью первого екатеринбургского научного общества — УОЛЕ — и Краеведческого музея.
В послевоенные годы специализация гимназии постепенно расширялась — от научно-технической к физико-математической и химической. Затем были добавлены медико-биологическая и экономическая специальности. С 1993 года гимназия — ассоциированная школа ЮНЕСКО. Согласно исследованию Begin Group, к 2011 году гимназия входила в десятку сильнейших школ России. В 2013 году во впервые составленном Московским центром непрерывного математического образования списке 25 сильнейших школ России по показателям ЕГЭ, Всероссийских и международных олимпиад гимназия № 9 также замкнула первую десятку."
W52170650,Второй Дом Советов,"other,unclassified_objects,interesting_places,historic_object",Екатеринбург,way/52170650,Q4128054,3h,60.59655,56.840122,Q4128054,"Второ́й Дом Сове́тов (также известен как Первый городок Чекистов) — жилой комплекс, построенный в Свердловске (современном Екатеринбурге) по адресу ул. 8 Марта, 2. Комплекс состоит из основного четырёхэтажного семиподъездного блока, образующего полузамкнутый двор и открытого на восток, и примыкающего с юга одиннадцатиэтажного высотного здания, являвшегося в 1930-е годы одним из двух самых высоких зданий РСФСР за пределами Москвы. Памятник архитектуры федерального значения.
Жилой комплекс был спроектирован архитекторами И. П. Антоновым и В. Д. Соколовым и построен в 1932 году. По ряду архитектурных особенностей комплекс является необычным. В сооружениях жилого комплекса представлено редкое смешение стилей конструктивизма и неоклассики. В 1930-е—1950-е годы комплекс претендовал на градообразующую роль.
Фасад высотного здания выходит на переулок Химиков.
Подъезды, выходящие на улицу Володарского, оформлены колоннами из чёрного лабрадорита, что является нетипичным случаем как для архитектуры конструктивизма, так и для архитектуры Урала, в целом."
N6962835349,Водонапорная башня,"cultural,museums,interesting_places,other_museums",Екатеринбург,node/6962835349,Q16630837,3h,60.605469,56.837891,Q16630837,"Водонапорная башня в Историческом сквере — архитектурный памятник федерального значения. Построена не ранее 1891 года для нужд Железнодорожных мастерских. С 1947 по 1960-е гг. башня фактически была двухквартирным жилым домом. С 1995 года филиал Музея истории Екатеринбурга. После капитальной реконструкции 2017—2018 г. на первом этаже открылись сувенирная лавка, гостевой центр и кофейня. С ноября 2018 года на втором этаже работает музейная экспозиция, посвящённая истории Плотинки и Башни."
W18077882,Театр оперы и балета,"cultural,theatres_and_entertainments,interesting_places,opera_houses",Екатеринбург,way/18077882,Q4174311,3h,60.616631,56.838799,Q4174311,"Екатеринбýргский госудáрственный академи́ческий теáтр óперы и бале́та (также Урáл Óпера Бале́т) — стационарный театр оперы и балета в Екатеринбурге, основанный в 1912 году. Здание построено по проекту инженера В. Н. Семёнова. Именно здесь 8 ноября (26 октября) 1917 года на экстренном заседании Екатеринбургского Совета рабочих и солдатских депутатов было объявлено об установлении советской власти в городе и на Урале.
Екатеринбургский театр оперы и балета получил четыре премии на фестивале «Золотая маска-2020» в Москве, в том числе — главную «Золотую маску» за «Лучший оперный спектакль»"
N454056918,Малышеву,"historic,monuments_and_memorials,urban_environment,cultural,interesting_places,sculptures,monuments",Екатеринбург,node/454056918,Q107573037,3h,60.604321,56.834213,Q107573037,"Пáмятник И. М. Ма́лышеву — монумент советскому революционеру И. М. Малышеву в Екатеринбурге авторства скульптора В. Е. Егорова и архитектора Л. Б. Масленникова. Открыт 25 октября 1977 года на площади Малышева, в 2006 году в связи с восстановлением Большого Златоуста был по частям перемещён на 200 метров в сторону набережной Исети."
N454103127,Памятник Я.М. Свердлову,"historic,monuments_and_memorials,urban_environment,cultural,interesting_places,sculptures,monuments",Екатеринбург,node/454103127,Q11823227,3h,60.616417,56.839813,Q11823227,Памятник Якову Михайловичу Свердлову в Екатеринбурге расположен на площади Парижской коммуны посреди проспекта Ленина между Уральским федеральным университетом и театром оперы и балета. Является одним из наиболее узнаваемых символов города.
N474950570,Комсомолу Урала,"historic,monuments_and_memorials,urban_environment,cultural,interesting_places,sculptures,monuments",Екатеринбург,node/474950570,Q107583229,3h,60.610554,56.844635,Q107583229,Пáмятник Комсомо́лу Урала — монумент уральскому Комсомолу в Екатеринбурге авторства скульптора П. А. Сажина и архитектора Г. И. Белянкина. Открыт 10 января 1959 года на Комсомольской площади.
N192224751,Ленин,"historic,monuments_and_memorials,urban_environment,cultural,interesting_places,sculptures,monuments",Екатеринбург,node/192224751,Q55584659,3h,60.596291,56.83786,Q55584659,"Па́мятник Ле́нину на площади 1905 года в Екатеринбурге — памятник советскому государственному деятелю Владимиру Ильичу Ленину. Является одной из достопримечательностей города Екатеринбург. Памятник скульптора Владимира Ингала, архитекторов Анатолия Прибульского и Петра Деминцева был открыт 5 ноября 1957 года на Площади 1905 года в центре города."
N504394251,Шарташские каменные палатки,"view_points,other,mountain_peaks,rock_formations,natural_monuments,geological_formations,natural,interesting_places,nature_reserves",Екатеринбург,node/504394251,Q2036269,3h,60.678642,56.84304,Q2036269,"Шарта́шские ка́менные пала́тки — гранитные скалы-останцы в Екатеринбурге, расположенные вблизи озера Шарташ. Геологический и археологический памятник природы и популярное место отдыха жителей города."
N210073292,Александро-Невская часовня,"religion,churches,interesting_places,other_churches",Екатеринбург,node/210073292,Q54901778,3h,60.602776,56.828709,Q54901778,"Часовня Александра Невского — действующий православный храм в Екатеринбурге, расположенный в Екатеринбургском дендропарке по улице 8 марта, 39 и построенный в 1890 году. Часовня представляет собой образец храмового зодчества Екатеринбурга конца XIX века."
N6408389385,Городок Чекистов,"architecture,historic_architecture,interesting_places,other_buildings_and_structures",Екатеринбург,node/6408389385,Q4145398,3h,60.620918,56.840729,Q4145398,"«Городок чекистов» (официальное название Жилищный комбинат НКВД) в Екатеринбурге — комплекс зданий в стиле конструктивизма, историко-архитектурный памятник, построенный в 1929—1936 годах в квартале улиц Ленина — Луначарского — Первомайская — Кузнечная. Архитекторы — И. П. Антонов, В. Д. Соколов, А. М. Тумбасов, А.Н.Стельмащук.
Комплекс является памятником культуры федерального значения."
W127712171,Иоанно-Предтеченский Кафедральный собор,"religion,cathedrals,churches,interesting_places,eastern_orthodox_churches",Екатеринбург,way/127712171,Q4202547,3h,60.574745,56.829426,Q4202547,"Иоанно-Предтеченский собор — православный храм в Екатеринбурге, кафедральный собор Екатеринбургской епархии Русской православной церкви. Расположен на Ивановском кладбище.
Настоятель храма — митрополит Екатеринбургский и Верхотурский Евгений."
W52360451,Дом контор,"architecture,historic_architecture,interesting_places,other_buildings_and_structures",Екатеринбург,way/52360451,Q42296354,3h,60.599705,56.833614,Q42296354,"Дом контор — историко-архитектурный памятник конструктивизма (объект культурного наследия регионального значения), построенный в Свердловске (Екатеринбурге) в 1929 году. Адрес здания — улица Малышева, дом 42 (имеет также адрес по второй улице — 8 Марта, дом 10). Архитекторы — Г. П. Валенков, В. И. Смирнов.
Дом контор был возведен для размещения торговых предприятий и банка Союза сельскохозяйственной кооперации. Здание имеет 4 этажа (на первом этаже окна служили витринами магазинов), эффектный скругленный угол, выходящий на пересечение улиц 8 Марта и Малышева. В годы Великой Отечественной войны в здании размещался эвакогоспиталь № 1708."
N694080110,Уральский государственный колледж имени И.И. Ползунова,"architecture,historic_architecture,interesting_places,other_buildings_and_structures",Екатеринбург,node/694080110,Q4476751,3h,60.625992,56.823845,Q4476751,Уральский государственный колледж (УГК) им. И. И. Ползунова (до 1995 года Свердловский горно-металлургический техникум им. И. И. Ползунова) — старейшее профессиональное учебное заведение Екатеринбурга.
W47807305,Площадь 1905 года,"urban_environment,cultural,interesting_places,squares",Екатеринбург,way/47807305,Q2837740,3h,60.597221,56.837864,Q2837740,"Площадь 1905 года (часть — бывшая Церковная, другая часть — бывшая Торговая, Главная торговая, в 1833—1919 — Кафедральная, с 1919 года — площадь 1905 года) — главная площадь Екатеринбурга, расположенная в центре города на правом берегу Исети. В народе её именуют «площадью пятого года».
В современном виде сложилась в 1930 году, после сноса стоявшего здесь Богоявленского собора, как общее пространство двух ранее существовавших площадей: Кафедральной и Главной торговой. На площадь выходят улицы Вайнера, Урицкого, Володарского, 8 Марта и Банковский переулок. С запада и востока площадь пересекает проспект Ленина."
N474950054,Музей истории Екатеринбурга,"cultural,museums,interesting_places,history_museums",Екатеринбург,node/474950054,Q4306294,3h,60.611423,56.840691,Q4306294,"Музей истории Екатеринбурга расположен в нескольких старинных зданиях в историческом центре города на улице Карла Либкнехта, дом 26. В здании, в котором в 1905 году находилась нелегальная школа партийных пропагандистов, организованная Свердловым Яковом Михайловичем.
Музей был основан в июне 1939 года, открылся для посетителей 3 июля 1940 года как дом-музей Я. М. Свердлова."
N2324423104,Музей кукол и детской книги «Страна чудес»,"cultural,museums,children_museums,interesting_places",Екатеринбург,node/2324423104,Q4306371,3h,60.606445,56.84338,Q4306371,"Музе́й ку́кол и де́тской кни́ги «Страна́ чуде́с» — музей в городе Екатеринбурге, входящий в состав Объединённого музея писателей Урала."
W69841318,"Музей истории, науки и техники Свердловской железной дороги","railway_stations,industrial_facilities,cultural,museums,interesting_places,other_museums",Екатеринбург,way/69841318,Q4441173,3h,60.600773,56.858772,Q4441173,"Ста́рый вокза́л — здание бывшего железнодорожного вокзала в Екатеринбурге. Расположен в Железнодорожном районе города на территории станции Екатеринбург-Пассажирский рядом с современным действующим вокзалом и вблизи выхода станции метро «Уральская». В настоящее время в здании находится Музей истории, науки и техники Свердловской железной дороги. Музей не следует путать с выставкой натурных образцов подвижного состава на станции Екатеринбург-Сортировочный. В Екатеринбурге также существует Музей узкоколейных железных дорог."
N5402950542,Свердловское художественное училище им. И. Д. Шадра,"architecture,historic_architecture,interesting_places,other_buildings_and_structures",Екатеринбург,node/5402950542,Q4174330,3h,60.610859,56.835098,Q4174330,Свердловское художественное училище имени И. Д. Шадра — старейшее художественное училище в Урало-Сибирском регионе и одно из старейших в России.
N415531606,№12 Дом Севастьянова,"architecture,historic_architecture,interesting_places,other_buildings_and_structures",Екатеринбург,node/415531606,Q4165394,3h,60.605457,56.83876,Q4165394,"Дом Севастья́нова (также Дом профсоюзов) — исторический и архитектурный памятник, расположенный в Екатеринбурге по адресу проспект Ленина, 35 (пересечение Ленина — Горького). Назван в честь одного из владельцев здания Н. И. Севастьянова.
Одна из местных достопримечательностей, архитектура которой особо выделяется среди особняков города. Здание бывшего Окружного суда, где в 1918 году находился первый в стране Уральский комиссариат труда. Построен в первой четверти XIX века на берегу Городского пруда, образованного плотиной на реке Исеть.
Постановлением Совета Министров РСФСР № 624 от 4 декабря 1974 года признан памятником истории государственного значения. В 2008 году Дом Севастьянова внесён в перечень объектов культурного наследия федерального значения."
W46990846,Усадьба Расторгуевых — Харитоновых,"architecture,historic_architecture,interesting_places,manor_houses",Екатеринбург,way/46990846,Q1984395,3h,60.611515,56.84547,Q1984395,"Уса́дьба Расторгу́евых — Харито́новых (Дом Харитонова) — один из наиболее ценных архитектурных усадебно-парковых ансамблей в Екатеринбурге, памятник архитектуры федерального значения.
Расположена на улице К. Либкнехта, дом 44, в центре города, на Вознесенской горке."
W64238516,Уральский политехнический колледж,"architecture,historic_architecture,interesting_places,other_buildings_and_structures",Екатеринбург,way/64238516,Q4476776,3h,60.634628,56.842449,Q4476776,Государственное автономное профессиональное образовательное учреждение Свердловской области «Уральский политехнический колледж — Межрегиональный центр компетенций» (ГАПОУ СО «Уральский политехнический колледж-МЦК») — учебное заведение в Свердловской области.
N2587522630,Музей плодового садоводства Среднего Урала,"cultural,museums,interesting_places,history_museums",Екатеринбург,node/2587522630,Q55231875,3h,60.586826,56.842674,Q55231875,"Музей истории плодового садоводства Среднего Урала (усадьба Д. И. Казанцева) — музейный комплекс из жилого дома и сада, расположенный в Екатеринбурге, улица Октябрьской Революции, дом 40. Памятник истории и культуры, связанный с жизнью и деятельностью первого на Урале садовода-селекционера Дмитрия Ивановича Казанцева, бухгалтера Пышминско-Ключевского медеплавильного завода."
N972487885,Филармония,"theatres_and_entertainments,concert_halls,cultural,interesting_places,music_venues",Екатеринбург,node/972487885,Q4410142,3h,60.610664,56.842724,Q4410142,Свердловская государственная филармония (ГАУК СО «Свердловская ордена Трудового Красного Знамени государственная академическая филармония») — государственное (областное) учреждение культуры в Екатеринбурге. С 1998 года получила статус академической.
R3784162,Дом-музей Ф.М. Решетникова,"cultural,museums,children_museums,interesting_places,art_galleries",Екатеринбург,relation/3784162,Q4263806,3h,60.606873,56.842419,Q4263806,"Литерату́рно-мемориа́льный дом-музе́й Ф. М. Реше́тникова — музей в Екатеринбурге, посвящённый памяти екатеринбургского писателя Фёдора Михайловича Решетникова. Входит в состав Объединённого музея писателей Урала."
W922392677,Каменный мост,"bridges,architecture,interesting_places,other_bridges",Екатеринбург,way/922392677,Q13359366,3h,60.604752,56.834576,Q13359366,Ка́менный мост (Мост через реку Исеть) — первый каменный мост в Екатеринбурге через реку Исеть.
W46993203,Храм на Крови,"religion,churches,interesting_places,eastern_orthodox_churches",Екатеринбург,way/46993203,Q631979,3h,60.608952,56.844421,Q631979,"Храм на Крови́ (полное название: Храм-памятник на Крови́ во и́мя Всех Святы́х, в земле́ Росси́йской просия́вших) — православный храм в Екатеринбурге, построенный на месте дома Ипатьева, в котором содержались под арестом и были расстреляны в ночь на 17 июля 1918 года последний российский император Николай II, его семья и четверо слуг Построенный в 2000—2003 годах, он стал главной туристической достопримечательностью Екатеринбурга, а также главным центром памяти святого Николая II и его семьи, привлекающим православных паломников не только из России, но и со всего мираПятикупольный храм, выполненный в русско-византийском стиле, является двухуровневым. Верхний храм во имя Всех святых, в земле Российской просиявших, — высокий и со множеством окон, с уникальным беломраморным иконостасом. Нижний храм в честь новомучеников и исповедников Церкви Русской по контрасту спланирован полумрачным и с низкими сводами, но именно здесь находится крипта, символически воссоздающая расстрельную комнату, в которой погиб бывший царь с супругой, пятью детьми и четырьмя приближёнными. В храмовый комплекс входит также отдельно стоящее здание Патриаршего подворья, включающего в себя музей Святой царской семьи, концертный зал с «царским» роялем, личные покои патриарха и прочие помещения.
При храме действует приход, окормляемый шестью священниками. В приходе работают воскресная школа, художественная школа, детский хор, а также катехизаторские курсы, казачий штаб, служба милосердия и другие приходские структуры.
В 2003 году храм был принят в государственную собственность Свердловской области. В 2013 году депутаты Законодательного собрания Свердловской области приняли решение о передаче Храма на Крови в собственность Екатеринбургской епархии."
W150512875,Белая башня,"architecture,historic_architecture,interesting_places,other_buildings_and_structures",Екатеринбург,way/150512875,Q4081645,3h,60.572338,56.893166,Q4081645,"Белая башня (бывшая водонапорная башня УЗТМ) — гидротехническое сооружение в Орджоникидзевском районе Екатеринбурга, памятник архитектуры конструктивизма, в настоящее время используется как культурная площадка.
Башня была построена в 1929—1931 годах по проекту архитектора Моисея Рейшера, стала одним из первых железобетонных сооружений Свердловска и неофициальным символом района Уралмаш.
С развитием городской водопроводной сети в 1960-х годах башня была выведена из эксплуатации, долгие годы не использовалась и ветшала. В сентябре 2012 года Территориальное управление Росимущества по УрФО передало постройку в безвозмездное пользование архитектурной группе Podelniki, которая организовала консервацию и постепенное восстановление объекта. Связанную с башней деятельность архгруппы финансово поддерживает фонд «Внимание», основанный Ильёй Варламовым. Благодаря фонду в башне было восстановлено освещение и установлен громоотвод. На конец января 2020 года фонд «Внимание» собирал деньги на исследование и создание проекта реставрации башни. 15 июля 2020 года стало известно, что Белая башня получила международный грант в размере $180 тыс. на проект реставрации от благотворительного Фонда Гетти (США)."
N459436046,Добровольцам-танкистам,"historic,monuments_and_memorials,burial_places,interesting_places,war_memorials,monuments",Екатеринбург,node/459436046,Q4343452,3h,60.606125,56.857285,Q4343452,"Памятник воинам Уральского добровольческого танкового корпуса — памятник на Привокзальной площади города Екатеринбурга, открытый 22 февраля 1962 года. Монумент посвящён героизму воинов Уральского добровольческого танкового корпуса. Со временем место «под варежкой» пользуется популярностью среди встречающих и отъезжающих, именно здесь они договариваются о встрече."
R3464822,Ново-Тихвинский монастырь,"religion,monasteries,interesting_places",Екатеринбург,relation/3464822,Q4322970,3h,60.598354,56.823097,Q4322970,"Александро-Невский Ново-Тихвинский монастырь — женский православный монастырь в Екатеринбурге, один из крупнейших в России. Главный храм — собор Александра Невского — представляет собой памятник архитектуры позднего классицизма. Монастырь ведёт свою историю с конца XVIII века, когда начала существовать богадельня при кладбищенской Успенской церкви. В 1809 году служившая в богадельне женская община была преобразована в общежительный женский монастырь. В 1922 году монастырь был закрыт советской властью, в 1994 году возрождён. Монастырь имеет два подворья — в Екатеринбурге и в селе Меркушино."
N474949599,Свердловский областной краеведческий музей,"science_museums,cultural,museums,interesting_places,history_museums,local_museums,art_galleries",Екатеринбург,node/474949599,Q4410161,3h,60.602917,56.834114,Q4410161,"Свердловский областной краеведческий музей имени О. Е. Клера — крупнейшее на Урале музейное объединение, филиалы которого расположены в 10 городах Свердловской области."
N474946827,Театр музыкальной комедии,"cultural,theatres_and_entertainments,interesting_places,music_venues",Екатеринбург,node/474946827,Q4410151,3h,60.611748,56.839645,Q4410151,"Свердло́вский госуда́рственный академи́ческий теа́тр музыка́льной коме́дии — музыкальный театр в Екатеринбурге, основан в 1933 году, с 1986 года — академический (после возвращения городу исторического имени театр не изменил своего названия). Один из ведущих театров России, многократный обладатель Национальной театральной премии «Золотая маска» (в том числе три премии за лучший спектакль)."
W52170640,Дом Актёра,"architecture,historic_architecture,theatres_and_entertainments,cultural,interesting_places,manor_houses,other_theatres",Екатеринбург,way/52170640,Q4165449,3h,60.59795,56.838634,Q4165449,"Дом акте́ра (Усадьба купца С.Е.Тупикова) — памятник архитектуры, двухэтажный камерный дворец конца XIX века, построенный по проекту архитектора Юлия Дютеля. В 1988 году Дом актёра стал официальной резиденцией Свердловского отделения Союза театральных деятелей России. На средства театрального сообщества в 1980-е гг. целиком восстановлен исторический облик, вплоть до уникального старинного паркета, чей рисунок не повторяется ни в одной из комнат, и большого камина — шедевра камнерезного искусства.
Дом актёра сейчас — общедоступный культурный центр, собирающий в своих стенах не только театральную общественность города и области, но и всех любителей театрального искусства. Здесь постоянно работают творческие циклы и программы. Наиболее заметные из них — авторский цикл Михаила Мугинштейна «400 лет оперы», студенческий клуб «Школа театральной критики», объединяющий молодых любителей театра, «Открытая сцена», дающий возможность артистам разных театров объединяться для совместных творческих работ.
Самый известный проект Дома актёра — знаменитые семейные праздники в лучших традициях российских особняков, меценатства и благотворительности «Ёлка в доме Тупиковой» — стилизованные представления в старинном стиле, которые идут в Доме актёра в новогодние дни и создаются ведущими творческими силами города."
W59804593,Доходный дом купца Чувильдина,"architecture,historic_architecture,interesting_places,other_buildings_and_structures",Екатеринбург,way/59804593,Q27921892,3h,60.607727,56.832176,Q27921892,"Доходный дом купца Чувильдина (косой дом) — бывший доходный дом в Екатеринбурге, принадлежавший купцу Василию Ивановичу Чувильдину. Является памятником истории и архитектуры регионального (областного) значения с 2015 года. Входит в туристический маршрут «Красная линия» Екатеринбурга."
W38753316,улица Февральской Революции,"cultural,urban_environment,interesting_places,squares",Екатеринбург,way/38753316,Q4474328,3h,60.588932,56.842964,Q4474328,"У́лица Февра́льской Револю́ции (до 1919 года — Лома́евская) — одна из старейших улиц в центре Екатеринбурга, проходит по территории Верх-Исетского административного района города. Улица появилась одной из первых в Екатеринбурге, на исходе второго десятилетия его истории, в части города, расположившейся за крепостными стенами вдоль правого берега Екатеринбургского заводского пруда и получившей название Верхней Ссыльной слободы. До революции 1917 года улица была местом жительства преимущественно ремесленников, а также мещан и купцов.
Современная улица Февральской Революции является тихой центральной улицей города, без интенсивного автомобильного и пешеходного движения. На ней расположен ряд памятников историко-культурного наследия города, а также одноимённое с улицей высотное жилое здание, второе по высоте жилое здание России за пределами Москвы. Улица дала Екатеринбургу двух незаурядных людей: Ивана Степановича Соколова, геолога и исследователя Урала, и Андрея Андреевича Анфиногенова, крупнейшего уральского краеведа и библиографа."
W438910142,улица Февральской Революции,"cultural,urban_environment,interesting_places,squares",Екатеринбург,way/438910142,Q4474328,3h,60.593147,56.841328,Q4474328,"У́лица Февра́льской Револю́ции (до 1919 года — Лома́евская) — одна из старейших улиц в центре Екатеринбурга, проходит по территории Верх-Исетского административного района города. Улица появилась одной из первых в Екатеринбурге, на исходе второго десятилетия его истории, в части города, расположившейся за крепостными стенами вдоль правого берега Екатеринбургского заводского пруда и получившей название Верхней Ссыльной слободы. До революции 1917 года улица была местом жительства преимущественно ремесленников, а также мещан и купцов.
Современная улица Февральской Революции является тихой центральной улицей города, без интенсивного автомобильного и пешеходного движения. На ней расположен ряд памятников историко-культурного наследия города, а также одноимённое с улицей высотное жилое здание, второе по высоте жилое здание России за пределами Москвы. Улица дала Екатеринбургу двух незаурядных людей: Ивана Степановича Соколова, геолога и исследователя Урала, и Андрея Андреевича Анфиногенова, крупнейшего уральского краеведа и библиографа."
W34939465,улица Чернышевского,"cultural,urban_environment,interesting_places,squares",Екатеринбург,way/34939465,Q4474515,3h,60.601933,56.832638,Q4474515,"У́лица Черныше́вского — одна из старейших улиц Екатеринбурга, расположенная на правом (западном) берегу реки Исети в жилом районе «Центральный» Ленинского административного района города. Улица Чернышевского появилась практически одновременно с основанием города Екатеринбурга, став одной из первых улиц Купецкой слободы — формирующегося на тот момент городского посада за южной стеной деревянной Екатеринбургской крепости. До ноября 1919 года улица поочерёдно сменила ряд названий: Дубро́винская, 2-я Укту́сская, Златоу́стовская (Сре́дняя Златоу́стовская или просто Средняя), Дубровинская (повторно).
Современная улица Чернышевского является тихой улицей городского Центра небольшой протяжённости и не имеющей интенсивного автомобильного и пешеходного движения. На ней расположен ряд памятников историко-культурного наследия города, административные здания, в том числе администрация Ленинского района Екатеринбурга, а также офисы."
W759609793,улица Добролюбова,"cultural,urban_environment,interesting_places,squares",Екатеринбург,way/759609793,Q15954283,3h,60.603771,56.832561,Q15954283,"У́лица Добролю́бова — одна из старейших улиц Екатеринбурга, расположенная на правом берегу реки Исети в жилом районе «Центральный» Ленинского административного района города. Улица Добролюбова появилась практически одновременно с основанием города Екатеринбурга, став одной из первых улиц Купецкой слободы — формирующегося на тот момент городского посада за южной стеной деревянной Екатеринбургской крепости. До осени 1919 года улица поочерёдно сменила ряд названий: Авра́мова, Сапо́жникова, Ма́рковская, 3-я Укту́сская, Отряси́хинская, Зыря́новская, Го́спитальная.
Современная улица Добролюбова является тихой небольшой центральной улицей города, без интенсивного автомобильного и пешеходного движения. На ней расположен ряд памятников историко-культурного наследия города, административные учреждения, офисы, одна из выставочных площадок Свердловского областного краеведческого музея. В 2010 году на улице было завершено строительство резиденции Полномочного представителя Президента РФ в Уральском федеральном округе."
W34939464,улица Добролюбова,"cultural,urban_environment,interesting_places,squares",Екатеринбург,way/34939464,Q15954283,3h,60.603172,56.83432,Q15954283,"У́лица Добролю́бова — одна из старейших улиц Екатеринбурга, расположенная на правом берегу реки Исети в жилом районе «Центральный» Ленинского административного района города. Улица Добролюбова появилась практически одновременно с основанием города Екатеринбурга, став одной из первых улиц Купецкой слободы — формирующегося на тот момент городского посада за южной стеной деревянной Екатеринбургской крепости. До осени 1919 года улица поочерёдно сменила ряд названий: Авра́мова, Сапо́жникова, Ма́рковская, 3-я Укту́сская, Отряси́хинская, Зыря́новская, Го́спитальная.
Современная улица Добролюбова является тихой небольшой центральной улицей города, без интенсивного автомобильного и пешеходного движения. На ней расположен ряд памятников историко-культурного наследия города, административные учреждения, офисы, одна из выставочных площадок Свердловского областного краеведческого музея. В 2010 году на улице было завершено строительство резиденции Полномочного представителя Президента РФ в Уральском федеральном округе."
W759609794,улица Добролюбова,"cultural,urban_environment,interesting_places,squares",Екатеринбург,way/759609794,Q15954283,3h,60.60318,56.834293,Q15954283,"У́лица Добролю́бова — одна из старейших улиц Екатеринбурга, расположенная на правом берегу реки Исети в жилом районе «Центральный» Ленинского административного района города. Улица Добролюбова появилась практически одновременно с основанием города Екатеринбурга, став одной из первых улиц Купецкой слободы — формирующегося на тот момент городского посада за южной стеной деревянной Екатеринбургской крепости. До осени 1919 года улица поочерёдно сменила ряд названий: Авра́мова, Сапо́жникова, Ма́рковская, 3-я Укту́сская, Отряси́хинская, Зыря́новская, Го́спитальная.
Современная улица Добролюбова является тихой небольшой центральной улицей города, без интенсивного автомобильного и пешеходного движения. На ней расположен ряд памятников историко-культурного наследия города, административные учреждения, офисы, одна из выставочных площадок Свердловского областного краеведческого музея. В 2010 году на улице было завершено строительство резиденции Полномочного представителя Президента РФ в Уральском федеральном округе."
Q107585439,Мемориал памяти Уральских коммунаров,"historic,monuments_and_memorials,interesting_places,monuments",Екатеринбург,,Q107585439,3h,60.578514,56.835789,Q107585439,"Мемориа́л па́мяти Ура́льских коммуна́ров («Братская могила коммунаров, 1918—1919 годы») — мемориальный комплекс, посвящённый подвигу уральских коммунаров в Екатеринбурге. Открыт в 1959 году на площади Коммунаров."
Q4174314,Екатеринбургский завод,"historic_architecture,architecture,interesting_places,other_buildings_and_structures",Екатеринбург,,Q4174314,3h,60.60577,56.836639,Q4174314,"Екатеринбу́ргский завод — исторический чугуноплавильный, железоделательный, медеплавильный и механический завод в городе Екатеринбурге, основанный российским государством и действовавший в 1723—1808 годах. Для создания завода на уральской реке Исеть была сооружена плотина, с появлением которой тесно связана история основания города, местность вокруг плотины сейчас является его историческим центром."
Q4476791,Уральский турбинный завод,"other,unclassified_objects,interesting_places,historic_object",Екатеринбург,,Q4476791,3h,60.64011,56.877754,Q4476791,"Уральский турбинный завод — российское энергомашиностроительное предприятие, проектирующее, изготавливающее и обслуживающее паровые и газовые турбины. Находится в Екатеринбурге."
Q4477566,Усадьба Железнова,"architecture,historic_architecture,interesting_places,manor_houses",Екатеринбург,,Q4477566,3h,60.612778,56.826111,Q4477566,"Уса́дьба Железно́ва была построена в русском стиле в 1892—1895 годы екатеринбургским архитектором Ю. О. Дютель (по другим данным, А. Б. Турчевичем). Усадьба А. А. Железнова расположена по адресу улица Розы Люксембург (до 1919 года — улица Златоустовская), 56. Является памятником архитектуры регионального значения."
Q27890562,Усадьба ротмистра Переяславцева,"architecture,historic_architecture,interesting_places,manor_houses",Екатеринбург,,Q27890562,3h,60.611946,56.836205,Q27890562,"Усадьба ротмистра Ф. А. Переяславцева — здание в историческом центре Екатеринбурга, памятник архитектуры, расположено по адресу: улица К. Либкнехта, д. 3.
Трёхэтажное кирпичное здание на рубеже стилей эклектики и модерна."
Q97591769,Комплекс штаба военного округа,"historic_architecture,architecture,interesting_places,other_buildings_and_structures",Екатеринбург,,Q97591769,3h,60.624306,56.841331,Q97591769,"Комплекс штаба военного округа — памятник архитектуры Екатеринбурга (регионального значения), комплекс зданий образующих отдельный квартал зажатый улицами: проспектом Ленина (с юга), Кузнечной улицей (с запада), Первомайской улицей (с севера) и улицей Бажова (с востока).
По состоянию на 2023 год, в комплексе дислоцирован штаб Центрального военного округа."
Q1851014,Уральский государственный университет имени А. М. Горького,"historic_architecture,architecture,interesting_places,other_buildings_and_structures",Екатеринбург,,Q1851014,3h,60.616798,56.840302,Q1851014,"Уральский государственный университет им. А. М. Горького (УрГУ) — университет классического типа, высшее учебное заведение СССР и России, действовавшее как самостоятельное учреждение в Екатеринбурге (Свердловске) в 1920—1925, 1931—2011 годах. 12 мая 2011 года УрГУ вошёл в состав Уральского федерального университета и перестал существовать как самостоятельное юридическое лицо."
Q1938341,Уральский государственный технический университет,"historic_architecture,architecture,interesting_places,other_buildings_and_structures",Екатеринбург,,Q1938341,3h,60.654282,56.844051,Q1938341,"Ура́льский госуда́рственный техни́ческий университе́т — УПИ́ и́мени Б. Н. Е́льцина (УГТУ-УПИ, до 1992 года — Уральский политехнический институт, до 2008 года носил имя С. М. Кирова) — высшее учебное заведение в Екатеринбурге. В 2010 году при объединении с Уральским государственным университетом им. А. М. Горького преобразован в Уральский федеральный университет."
Q4365466,Площадь 1-й Пятилетки,"cultural,urban_environment,interesting_places,squares",Екатеринбург,,Q4365466,3h,60.592091,56.88612,Q4365466,"Пло́щадь 1-й Пятиле́тки (Первой Пятилетки) — площадь в жилом районе «Уралмаш» Орджоникидзевского административного района Екатеринбурга, на пересечении улицы Машиностроителей и проспекта Орджоникидзе. Площадь расположена на ровном участке местности перед главной проходной завода «Уралмаш». С севера к площади примыкает трёхлучие улиц: бульвар Культуры, проспект Орджоникидзе и улица Ильича. Ось симметрии продолжается в проспекте Орджоникидзе — среднем из трехлучия."
Q4477575,Усадьба Тарасова,"architecture,historic_architecture,interesting_places,manor_houses",Екатеринбург,,Q4477575,3h,60.606667,56.839722,Q4477575,"Усадьба Тарасова — историческое название комплекса зданий в центре Екатеринбурга, часть которого в настоящее время входит в архитектурный ансамбль резиденции губернатора Свердловской области."
Q19615085,Дом Артистов,"historic_architecture,architecture,interesting_places,other_buildings_and_structures",Екатеринбург,,Q19615085,3h,60.614166,56.839169,Q19615085,"Дом Артистов (Жилой дом с магазинами) — жилой дом в Екатеринбурге, расположен на углу Проспекта Ленина и Красноармейской улицы.
Строился в основном Театром музкомедии и был заселён артистами и театральными деятелями Екатеринбурга, отсюда его название. Здание является объектом культурного наследия регионального значения, по Постановлению Правительства Свердловской области от 28.12.2001 г. № 859-ПП.
5-этажный кирпичный полнометражный жилой дом из 5 подъездов на 65 квартир. Отличаются большие квартиры в угловых, 3-м и 4-м подъездах: 3-комнатные площадью 82—84 м² и 4-комнатные — 102—105 м²."
Q27888113,Дом Э. Ф. Филитц,"historic_architecture,architecture,interesting_places,other_buildings_and_structures",Екатеринбург,,Q27888113,3h,60.620441,56.833843,Q27888113,"Усадьба Э. Ф. Филитц — красивый особняк в историческом центре Екатеринбурга, памятник архитектуры, расположен по адресу: улица Мамина-Сибиряка, дом 187."
Q27890571,Здание пансиона и церкви Святой Магдалины при первой женской гимназии,"other,unclassified_objects,interesting_places,historic_object",Екатеринбург,,Q27890571,3h,60.610462,56.837254,Q27890571,"Церковь Марии Магдалины расположена в историческом центре Екатеринбурга, является памятником архитектуры. Находится по адресу: улица Толмачёва, дом 8."
Q55413263,Дом Бревновых,"historic_architecture,architecture,interesting_places,other_buildings_and_structures",Екатеринбург,,Q55413263,3h,60.569229,56.839493,Q55413263,"Дом Бревновых (Особняк купца Н. А. Бревнова) — дом, расположенный по адресу Екатеринбург, улица Кирова, дом 3. Памятник градостроительства и архитектуры Свердловской области. Образец деревянного жилого дома Екатеринбурга начала XX века, выполненный архитектором А. Марковым."
Q56210596,Дом Маева,"historic_architecture,architecture,interesting_places,other_buildings_and_structures",Екатеринбург,,Q56210596,3h,60.613888,56.843056,Q56210596,"До́м Ма́ева (До́м Н. И. Ма́ева) — деревянный особняк в Екатеринбурге на Вознесенской горке по улице Верх-Вознесенская, ныне ул. Тургенева, 20 — выразительный образец деревянного зодчества, в котором широко использованы мотивы народной деревянной резьбы. Решением Свердловского облисполкома в 1980 году здание признано памятником истории и культуры. С 2006 по 2016 год здесь работали «Коляда-театр» и Центр современной драматургии."
Q108196461,Дом Промышленности,"historic_architecture,architecture,interesting_places,other_buildings_and_structures",Екатеринбург,,Q108196461,3h,60.620193,56.837139,Q108196461,"Дом промышленности и торговли — здание в Екатеринбурге. Строительство было начато в 1930-е годы, продолжено — в 1940—1960-е годы. Является памятником конструктивизма, имеет статус памятника архитектуры федерального значения. В здании располагается НПО автоматики имени академика Н. А. Семихатова."
Q108406301,Дом Степанова,"historic_architecture,architecture,interesting_places,other_buildings_and_structures",Екатеринбург,,Q108406301,3h,60.606934,56.835983,Q108406301,"Дом Степанова — двухэтажное историческое здание в центре Екатеринбурга, расположенное рядом с Историческим сквером (ранее — Екатеринбургский завод), по адресу Горького 33.
Здание является объектом культурного наследия регионального (областного) значения."
Q4240385,Крестовоздвиженская церковь (Екатеринбург),"religion,churches,interesting_places,eastern_orthodox_churches",Екатеринбург,,Q4240385,3h,60.622898,56.831982,Q4240385,Крестовоздви́женская це́рковь — православный храм в Екатеринбурге. Церковь Крестовоздвиженского мужского монастыря Екатеринбургской епархии Русской Православной Церкви.
Q4306075,Музей «Литературная жизнь Урала XIX века»,"museums,cultural,children_museums,interesting_places",Екатеринбург,,Q4306075,3h,60.607609,56.843414,Q4306075,«Литерату́рная жизнь Ура́ла XIX ве́ка» — литературный музей в городе Екатеринбурге. Входит в состав Объединённого музея писателей Урала.
Q4411412,Свято-Никольский храм (Екатеринбург),"religion,churches,interesting_places,other_churches",Екатеринбург,,Q4411412,3h,60.595821,56.826569,Q4411412,"Храм Святителя Николая Чудотворца при Уральском горном университете (Свято-Никольская церковь) — православный храм в Екатеринбурге, при Уральском государственном горном университете."
Q4504106,Центральная городская библиотека им. А. И. Герцена,"historic_architecture,architecture,interesting_places,other_buildings_and_structures",Екатеринбург,,Q4504106,3h,60.612167,56.821865,Q4504106,"Центральная городская библиотека им. А. И. Герцена — центральная муниципальная библиотека Екатеринбурга, расположена в исторической усадьбе Давыдовых в центре города (ул. Чапаева, 5). Относится к Муниципальному объединению библиотек Екатеринбурга (порядковый номер 1)."
Q28381390,Дом Гайдара,"historic_architecture,architecture,interesting_places,other_buildings_and_structures",Екатеринбург,,Q28381390,3h,60.591591,56.845341,Q28381390,"Дом Гайда́ра (также Дом Пестовых) — исторический памятник, расположенный в Екатеринбурге по адресу Набережная Рабочей Молодёжи, дом № 23.
В 1927 году несколько месяцев в доме снимал комнату и проживал писатель Аркадий Гайдар, что послужило поводом для увековечивания здания в виде памятника истории и архитектуры. Статус памятника был присвоен решением исполнительного комитета Свердловского областного Совета народных депутатов от 11 января 1980 года.
На протяжении XX века домом владели представители семьи Пестовых. Главный дом усадьбы сильно пострадал от пожара в 2006 году, огонь задел и комнату, где в своё время жил писатель. В 2015 году здание было продано в областную собственность. К открытию Ельцин-центра в ноябре 2015 года дом Гайдара закрыли баннером, посчитав его вид непрезентабельным. По состоянию на 2020 год, в выкупленном у собственников доме планировалось разместить кафе-музей карикатуры."
Q50359307,Дом дворянки Е. О. Селивановой,"other,unclassified_objects,interesting_places,historic_object",Екатеринбург,,Q50359307,3h,60.609085,56.840805,Q50359307,"Дом дворянки Е. О. Селивановой — достопримечательность Екатеринбурга, памятник архитектуры регионального значения."
Q55210808,Дом связи (Екатеринбург),"historic_architecture,architecture,interesting_places,other_buildings_and_structures",Екатеринбург,,Q55210808,3h,60.608856,56.839352,Q55210808,"Дом связи (здание главпочтамта) — здание, расположенное в Екатеринбурге, на проспекте Ленина, дом 39, и построенное в 1933 году архитекторами К. И. Соломоновым и В. Д. Соколовым. Здание выполнено в форме конструктивизма 1930-х годов. У входа в здание Главпочтамта вмонтирована круглая рельефная бронзовая плита, символизирующая нулевой километр."
