,XID,Name,Kind,City,OSM,WikiData,Rate,Lon,Lat,NewWikiData,Description
0,N552713468,Н.А. Некрасову,"historic,monuments_and_memorials,interesting_places,monuments",Ярославль,node/552713468,Q4343284,3h,39.892933,57.632572,Q4343284,"Памятник Некрасову — памятник в Ярославле Николаю Алексеевичу Некрасову — русскому поэту, писателю, публицисту, учившемуся в Ярославской гимназии."
1,W125448768,Российский государственный академический театр драмы имени Федора Волкова,"cultural,theatres_and_entertainments,interesting_places,other_theatres",Ярославль,way/125448768,Q4398052,3h,39.884796,57.627155,Q4398052,"Росси́йский госуда́рственный академи́ческий теа́тр дра́мы имени Ф. Во́лкова — старейший драматический театр России. Основан в 1750 году. Здание расположено в центре Ярославля по адресу: площадь Волкова, 1.16 сентября 2019 года театру присвоен статус особо ценного объекта культурного наследия.Художественный руководитель театра — Валерий Кириллов, директор — Герман Громов."
2,W239408057,Ярославская соборная мечеть,"religion,other_temples,interesting_places",Ярославль,way/239408057,Q4281966,3h,39.875633,57.636059,Q4281966,"Ярославская соборная мечеть — мечеть в Ярославле. Расположена на улице Победы, дом 20.В мечети проводятся: обычные молитвы, джума, таравих."
3,W44896191,Церковь Спаса на городу,"religion,churches,interesting_places,eastern_orthodox_churches",Ярославль,way/44896191,Q16715792,3h,39.895622,57.622604,Q16715792,"Церковь Спаса на Городу (Спасо-Нагородская церковь, церковь Происхождения Честных Древ Креста Господня, что на Городу) — приходской православный храм в историческом центре Ярославля. Один из лучших образцов ярославского храмового зодчества XVII века. Относится к Ярославскому центральному городскому благочинию Ярославской епархии Русской православной церкви."
4,W45013546,Спасо-Преображенский собор,"religion,cathedrals,monasteries,interesting_places",Ярославль,way/45013546,Q1078595,3h,39.889511,57.621506,Q1078595,"Ярославский Спасо-Преображенский монастырь (Спасо-Ярославский монастырь) — древний упразднённый мужской монастырь в Ярославле, сыгравший важную роль в местной истории. Основан князем Константином Всеволодовичем в 1216 году. Располагается в историческом центре города, на берегу реки Которосль. На его территории находятся памятники архитектуры XVI—XIX веков. Здесь был найден список «Слова о полку Игореве» — памятника древнерусской литературы."
5,W92405439,Николая Чудотворца,"religion,churches,interesting_places,other_churches",Ярославль,way/92405439,Q4504845,3h,39.865314,57.61031,Q4504845,"Церковь Николая Чудотворца Пенская (Николо-Пенская церковь, храм Святого Николая на Пенье) — православный храм в южной части Ярославля, в посёлке Толчково. Построен на средства прихожан в 1689—1690 годах как тёплый храм Фёдоровского прихода.В советское время (до 1987 года) функционировал в качестве кафедрального собора Ярославской епархии. Это единственный храм в старой части города, не закрытый в годы советской власти."
6,W101704727,Владимирская церковь,"religion,churches,interesting_places,other_churches",Ярославль,way/101704727,Q4113263,3h,39.852306,57.625523,Q4113263,"Церковь Владимирской иконы Божией Матери на Божедо́мке — православный храм Ярославской епархии Русской православной церкви, расположенный в Ярославле. Один из последних в истории русского зодчества трёхшатровых храмов, единственный допетровский шатровый храм в городе.В 1992—2017 годах находился в ведении неканонической Российской православной автономной церкви и относился к Суздальской епархии РПАЦ."
7,W103292201,церковь Николая Чудотворца,"religion,churches,interesting_places,eastern_orthodox_churches",Ярославль,way/103292201,Q30913942,3h,39.870548,57.620068,Q30913942,"Церковь Николая Чудотворца Мокринская (Николо-Мокринская церковь, храм Николы Мокрого) — приходской православный храм в центральной части Ярославля, типичный ярославский посадский храм XVII века."
8,W173960067,Церковь Благовещения,"religion,churches,interesting_places,other_churches",Ярославль,way/173960067,Q4087788,3h,39.891327,57.634312,Q4087788,"Благовещенско-Вознесенский приход — приход в городе Ярославле, относится к Ярославской епархии Русской православной церкви. Настоятель — протоиерей Алексий Авксентьев."
9,W48274072,Часовня Александра Невского,"religion,churches,interesting_places,other_churches",Ярославль,way/48274072,Q4507592,3h,39.891064,57.625462,Q4507592,"Часо́вня Алекса́ндра Не́вского (полное название: Часовня Успенского собора в память 17 октября 1888 года во имя святых Александра Невского, Марии Магдалины, Николая Чудотворца, великомученика Георгия, Михаила Архангела, преподобной Ксении, княгини Ольги) — православная часовня в Ярославле. Построена в 1889—1892 годах на Мытном дворе по проекту архитектора Николая Поздеева на месте часовни 1820-х годов."
10,W76701664,Храм Великомученика Никиты,"religion,churches,interesting_places,other_churches",Ярославль,way/76701664,Q4319898,3h,39.868584,57.623791,Q4319898,"Никитский приход в одноимённой слободе на западной окраине средневекового Ярославля возник не позднее XV века. Слобода с таким названием впервые упоминается в грамоте Василия III от 1511 года. В приходе было два небольших храма с приделами, посвящёнными Никите Мученику (единственный случай такого двойного посвящения в городе).Находится вблизи пересечения улицы Победы и улицы Салтыкова-Щедрина."
11,W45013536,Церковь Богоявления Господня,"religion,churches,interesting_places,eastern_orthodox_churches",Ярославль,way/45013536,Q4504600,3h,39.88644,57.621643,Q4504600,"Церковь Богоявления Господня в Ярославле, также известная как Богоявленская церковь, является одной из главных достопримечательностей города. Она расположена в историческом центре Ярославля и славится своей уникальной архитектурой, сочетающей в себе элементы древнерусского зодчества и барокко."
12,W95564000,Воинское мемориальное кладбище,"cemeteries,historic,burial_places,interesting_places,war_memorials",Ярославль,way/95564000,Q4122453,3h,39.830746,57.631962,Q4122453,"Воинское мемориальное кладбище — воинское кладбище-мемориал в городе Ярославле. Является частью Леонтьевского кладбища. Расположено на Угличской улице, через дорогу от Музея боевой славы. Открыто для посещения с 9 до 16 часов."
13,N1361341279,Кирило-Афанасиевский мужской монастырь,"religion,monasteries,interesting_places",Ярославль,node/1361341279,Q4221355,3h,39.895275,57.625294,Q4221355,"Спасо-Афанасиевский монастырь — мужской монастырь Ярославской епархии Русской православной церкви, расположенный в историческом центре Ярославля."
14,W123291538,Крестоборогодская церковь,"religion,churches,interesting_places,other_churches",Ярославль,way/123291538,Q4240367,3h,39.849354,57.578876,Q4240367,"Крестобогородская церковь (Церковь Ризоположения в Крестах) — православный храм на южной окраине Ярославля, в местности Кресты (бывшее село Крестобогородское)."
15,W95943760,Церковь Николы в Меленках,"religion,churches,interesting_places,eastern_orthodox_churches",Ярославль,way/95943760,Q104554178,3h,39.834522,57.609947,Q104554178,"Церковь Николая Чудотворца в Меленках (Николо-Мельницкая церковь, церковь Николы в Меленках) — приходской православный храм в южной части Ярославля, в бывшей Мельницкой слободе на берегу Которосли."
16,W44898055,Музей истории города Ярославля,"cultural,museums,children_museums,interesting_places,history_museums,local_museums",Ярославль,way/44898055,Q4306319,3h,39.898617,57.627079,Q4306319,"Музей истории города Ярославля — музей в городе Ярославле, посвящённый его истории."
17,W140038051,Николо-Тропинская церковь,"religion,architecture,historic_architecture,churches,interesting_places,destroyed_objects,other_churches",Ярославль,way/140038051,Q4320780,3h,39.891727,57.613121,Q4320780,"Церковь Николая Чудотворца в Тропине — православный храм в Ярославле, в посёлке Тропино на правом берегу Которосли."
18,W44899216,Волжская башня,"towers,architecture,interesting_places,other_towers",Ярославль,way/44899216,Q4123105,3h,39.901684,57.625027,Q4123105,"Во́лжская ба́шня (Во́лжские воро́та, Арсена́льная ба́шня) — бывшая крепостная башня в Ярославле, одна из трёх сохранившихся башен Земляного города."
19,W82251166,Сретенский храм,"religion,churches,interesting_places,eastern_orthodox_churches",Ярославль,way/82251166,Q4438830,3h,39.888905,57.625244,Q4438830,"Церковь Сретения Господня — православный храм в историческом центре Ярославля, в Депутатском (Сретенском) переулке."
20,N4997897721,Знаменская церковь,"towers,religion,architecture,churches,interesting_places,other_towers,other_churches",Ярославль,node/4997897721,Q4113610,3h,39.885262,57.625439,Q4113610,"Вла́сьевская (Зна́менская) башня — бывшая крепостная башня в Ярославле, одна из трёх сохранившихся башен Земляного города.Первое название башни происходит от находившейся рядом древней Власьевской церкви, второе — от Знаменской церкви, пристроенной к башне с восточной стороны в середине XIX века. Башню также называли Углицкими воротами, так как от неё начиналась дорога в Углич."
21,W44899213,Музей древнерусского искусства,"cultural,museums,interesting_places,art_galleries",Ярославль,way/44899213,Q4296770,3h,39.902294,57.623344,Q4296770,Митрополичьи палаты — один из старейших сохранившихся памятников гражданской архитектуры города Ярославля (XVII век).
22,N1234995463,Ярославский музей-заповедник,"cultural,museums,archaeological_museums,interesting_places,history_museums,open_air_museums,art_galleries",Ярославль,node/1234995463,Q4538889,3h,39.89003,57.620876,Q4538889,"Яросла́вский госуда́рственный исто́рико-архитекту́рный и худо́жественный музе́й-запове́дник — одно из крупнейших учреждений культуры и объектов туризма Ярославля. С 1959 года музей-заповедник располагается в самом центре города, на территории упразднённого в 1787 году Спасо-Преображенского мужского монастыря. Музею принадлежит богатая коллекция икон и рукописей, драгоценных тканей и церковной утвари, произведений древнерусского искусства. На территории музея находится древнейшее из сохранившихся в Ярославле зданий — Спасо-Преображенский собор (начало XVI века), кроме этого в состав музея-заповедника входят шесть церквей, являющихся важнейшими ярославскими памятниками архитектуры и живописи XVII века."
23,W92405434,церковь Иоанна Предтечи в Толчкове,"religion,churches,interesting_places,eastern_orthodox_churches",Ярославль,way/92405434,Q2084804,3h,39.856861,57.610909,Q2084804,"Це́рковь Иоа́нна Предте́чи в Толчко́ве — недействующий православный храм в Ярославле, уникальный памятник русской архитектуры XVII века и одно из самых знаменитых произведений Ярославской школы зодчества периода её наивысшего расцвета. Единственный в России пятнадцатиглавый храм. Расположен в южной части города, в посёлке Толчково на берегу Которосли."
24,W271115386,Толгский Ярославский в честь Введения во храм Пресвятой Богородицы монастырь,"religion,monasteries,interesting_places",Ярославль,way/271115386,Q1776349,3h,39.82869,57.697281,Q1776349,"Введенский То́лгский монасты́рь — женский монастырь Ярославской епархии Русской православной церкви, расположенный в Ярославле на левом берегу Волги.Основан как мужской в 1314 году епископом Ростовским Прохором (в схиме Трифоном) на месте чудесного обретения им иконы Богородицы (Толгская икона), ставшей главной святыней обители. Название получил по имени протекающей рядом речки Толги. В 1987 году после почти шестидесяти лет закрытия вновь открыт как женский."
25,W183940992,Храм Зосимы и Савватия,"religion,churches,interesting_places,eastern_orthodox_churches",Ярославль,way/183940992,Q16715602,3h,39.903271,57.636955,Q16715602,"Це́рковь Зоси́мы и Савва́тия — православный храм в Ярославле, на Тверицкой набережной. Бывшая зимняя церковь Тверицкого прихода. Ныне — региональный морской храм Ярославской епархии."
26,W187948282,Храм Архангела Михаила,"religion,churches,interesting_places,eastern_orthodox_churches",Ярославль,way/187948282,Q60850718,3h,39.764675,57.738789,Q60850718,"Церковь Михаила Архангела в Норском — православный храм в северной части Ярославля, в посёлке Норское. Построен в 1748 году на средства прихожан. В архитектурном плане храм является типичным для провинциального ярославского зодчества XVIII века."
27,W44900364,церковь Николы Рублёного,"religion,churches,interesting_places,eastern_orthodox_churches",Ярославль,way/44900364,Q16715656,3h,39.898258,57.622509,Q16715656,"Церковь Николая Чудотворца в Рубленом Городе (Николо-Рубленская церковь, церковь Николы Рубленого) — недействующий православный храм в Ярославле на Которосльной набережной. Единственный храм на территории бывшего Ярославского кремля, сохранившийся с XVII века, причём в первоначальном облике. Название церкви отражает её расположение в древней крепости с бревенчатыми стенами — Рубленом городе."
28,N4618248825,Казанский женский монастырь,"religion,monasteries,interesting_places",Ярославль,node/4618248825,Q4207801,3h,39.886944,57.627979,Q4207801,Каза́нский монасты́рь — женский монастырь в историческом центре Ярославля. Относится к Ярославской епархии Русской православной церкви.
29,W107535735,Церковь Софии Премудрости Божией в Савино,"religion,other_temples,interesting_places",Ярославль,way/107535735,Q16715786,3h,39.919182,57.623425,Q16715786,"Церковь Софии Премудрости Божией в Савине — православный храм в заволжской части Ярославля, в посёлке Савино. Расположен на левом берегу реки Волги."
30,W92405450,Федоровский собор,"religion,churches,interesting_places,eastern_orthodox_churches",Ярославль,way/92405450,Q4494153,3h,39.865444,57.609676,Q4494153,"Церковь Феодоровской иконы Божией Матери в Толчкове (Фёдоровская церковь) — приходской православный храм в южной части Ярославля, в посёлке Толчково на берегу Которосли. С 1987 года до освящения в 2010 году нового Успенского собора была кафедральным собором Ярославско-Ростовской епархии.В ансамбль бывшего Николо-Пенского прихода, а ныне Феодоровского архиерейского подворья входят также тёплая Николо-Пенская церковь с колокольней и современный крестильный храм Равноапостольного Владимира (1999). Подворье окружено оградой, подле храма захоронено несколько архиереев. Имя храма носят две улицы, пересекающие Закоторосльную сторону города, — Большая Фёдоровская и Малая Фёдоровская (ныне Малая Пролетарская)."
31,W150447107,Церковь Николая Надеина,"religion,churches,museums,cultural,interesting_places,eastern_orthodox_churches,history_museums",Ярославль,way/150447107,Q4504840,3h,39.896023,57.628815,Q4504840,"Церковь Николая Чудотворца Наде́инская (разг. церковь Николы Наде́ина, Николо-Надеинская церковь) — недействующий православный храм в историческом центре Ярославля, на берегу Волги. Старейший из сохранившихся каменных памятников Ярославской школы зодчества XVII века. Находится в ведении Ярославской епархии и Ярославского музея-заповедника."
32,W44896201,Церковь Ильи Пророка,"religion,churches,interesting_places,eastern_orthodox_churches",Ярославль,way/44896201,Q4177920,3h,39.894485,57.626812,Q4177920,"Це́рковь Илии́ Проро́ка — православный храм в историческом центре Ярославля на Советской (Ильинской) площади, выдающийся памятник архитектуры Ярославской школы зодчества и живописи XVII века. Находится в ведении Ярославской епархии и Ярославского музея-заповедника."
33,W101935938,Церковь Вознесения Господня,"religion,churches,interesting_places,eastern_orthodox_churches",Ярославль,way/101935938,Q4114893,3h,39.871132,57.626507,Q4114893,"Церковь Вознесения Господня — характерный для ярославской школы приходской четырехстолпный пятиглавый храм с закрытыми галереями, возведённый по инициативе и на средства прихожан в 1677-82 гг. Стоит чуть восточнее Вознесенских казарм, на главной улице Ярославля — бывшей Власьевской, ныне Свободы, в нескольких шагах от площади Труда. В ансамбль прихода входит также тёплая Сретенская церковь (1689—1691, перестроена в конце XVIII века) — уникальный для Ярославля памятник культового зодчества в стиле елизаветинского барокко.Ансамбль в целом имеет статус объекта культурного наследия России регионального значения, в то время как церковь Вознесения Господня —  Объект культурного наследия народов РФ федерального значения. Рег. № 761410067240006 (ЕГРОКН). Объект № 7610059001 (БД Викигида)."
34,W150378447,церковь Михаила Архангела,"religion,churches,interesting_places,eastern_orthodox_churches",Ярославль,way/150378447,Q1365930,3h,39.89259,57.622082,Q1365930,"Церковь Михаила Архангела — гарнизонный православный храм в историческом центре Ярославля, на Которосльной набережной, рядом со Спасо-Преображенским монастырём. Памятник архитектуры Ярославской школы зодчества XVII века."
35,N7932069485,Дом Болконского,"architecture,historic_architecture,interesting_places,other_buildings_and_structures",Ярославль,node/7932069485,Q4165268,3h,39.900871,57.625092,Q4165268,"Не путать с Домом Болконского в МосквеДом Болконского — двухэтажный особняк конца XVIII века около Арсенальной башни, на склоне Медведицкого оврага, на Волжской набережной Ярославля (дом 7).Несмотря на наличие криволинейных контрфорсов по краям мезонина, характерного для архитектуры барокко, здание относят к памятникам провинциального классицизма. Ризалит в центральной части здания акцентирован слабо. Первый этаж — рустованный, над окнами выложены веерные замки. В оформлении мезонина переосмыслен мотив итальянского тройного окна. Отмечается уверенная «композиция, пропорции и прорисовка архитектурных элементов и деталей».Во время Отечественной войны 1812 года в здании находился госпиталь для раненых офицеров; предположительно здесь умер от ран генерал-лейтенант Николай Тучков. По легенде, этот дом связан с героем романа «Война и мир» Андреем Болконским, который тоже умирал на Волжской набережной. При этом Лев Толстой никогда не был в Ярославле. В 1990-е годы памятник архитектуры окончательно обветшал; был отреставрирован в соответствии с историческими описаниями. В реставрации приняла участие бригада альпинистов Виталия Гашина."
36,N552713459,Памятник Леониду Николаевичу Трефолеву,"historic,monuments_and_memorials,interesting_places,monuments",Ярославль,node/552713459,Q4343231,3h,39.888012,57.62759,Q4343231,Памятник Л. Н. Трефолеву расположен в Ярославле на пересечении улиц Андропова и Трефолева в сквере перед Казанским монастырём.Скульптор А. Н. Черницкий.
37,Q19908952,Демидовский сад,"gardens_and_parks,cultural,urban_environment,interesting_places",Ярославль,,Q19908952,3h,39.89724,57.625038,Q19908952,"Демидовский сад (бывший Вахромеевский сад) — сквер в историческом центре города Ярославля, на площади Челюскинцев (бывшей Парадной), между Советской площадью и Почтовой улицей. Назван по находящемуся в его центре Демидовскому столпу.Входит в перечень особо охраняемых природных территорий Ярославской области."
38,Q1189431,Мемориальный дом-музей М. Богдановича,"biographical_museums,museums,cultural,interesting_places",Ярославль,,Q1189431,3h,39.870735,57.624523,Q1189431,"Мемориальный дом-музей М. Богдановича, полное официальное название — Центр белорусской культуры. Музей Максима Богдановича — литературный музей в Ярославле, созданный в мемориальном доме классика белорусской литературы М. А. Богдановича, где с 1912 по 1914 годы жила семья Богдановичей. На сегодняшний день это единственный в пределах города музей литературного профиля."
39,Q4110247,Вечный огонь (Ярославль),"historic,monuments_and_memorials,interesting_places,monuments",Ярославль,,Q4110247,3h,39.898975,57.623791,Q4110247,Монумент «Вечный огонь» — памятник в Ярославле в честь боевой и трудовой славы ярославцев в годы Великой Отечественной войны 1941—1945 годов. Расположен в историческом центре города на площади Челюскинцев.
40,Q4151348,Губернаторский дом (Ярославль),"historic_architecture,architecture,interesting_places,other_buildings_and_structures",Ярославль,,Q4151348,3h,39.897221,57.628334,Q4151348,"Губернаторский дом — резиденция ярославских губернаторов, построенная в 1820-е годы по проекту ярославского губернского архитектора П. Я. Панькова. В настоящее время в этом здании находится Ярославский художественный музей."
41,Q4538913,Ярославский филиал Военно-космической академии имени А. Ф. Можайского,"other,unclassified_objects,interesting_places,historic_object",Ярославль,,Q4538913,3h,39.877613,57.607079,Q4538913,"Ярославское высшее военное училище противовоздушной обороны имени 60-летия Великого Октября (ЯВВУ ПВО) — высшее учебное заведение Министерства обороны Российской Федерации, расположенное в городе Ярославле; готовит офицеров для зенитных ракетных войск и радиотехнических войск Воздушно-космических сил.Занимает памятник архитектуры федерального значения на Московском проспекте — классицистический ансамбль кадетского корпуса. Главное (восточное) здание возведено в конце XVIII века."
42,Q4343495,Памятник жертвам белогвардейского мятежа,"historic,monuments_and_memorials,interesting_places,monuments",Ярославль,,Q4343495,3h,39.89571,57.625862,Q4343495,"Памятник «жертвам белогвардейского мятежа». Находится в Ярославле в Демидовском саду, вблизи Советской площади.Архитекторы К. А. Козлова и М. Ф. Егоренков.Памятник воздвигнут над могилой большевиков, убитых в дни Ярославского восстания 1918 года. Его открытие приурочено к 40-летию событий 1918 года. Сооружён на месте старого деревянного памятника, установленного ещё в 1918 году. Памятник открыт 21 июля 1958 года.Памятник представляет собой строгую траурную стелу из чёрного камня лабрадорита (разновидность основных магматических горных пород)."
43,Q4379291,Приход Воздвижения Святого Креста (Ярославль),"religion,churches,interesting_places,other_churches",Ярославль,,Q4379291,3h,39.88435,57.637329,Q4379291,"Приход Воздвижения Святого Креста — католический приход в Ярославле. Административно принадлежит к Архиепархии Божией Матери с центром в Москве, центральный деканат."
44,Q13668162,Петропавловский парк,"gardens_and_parks,cultural,urban_environment,interesting_places",Ярославль,,Q13668162,3h,39.845001,57.599445,Q13668162,"Петропавловский парк — один из старейших парков в Ярославле, находящийся в южной части города на бывшей территории Ярославской Большой мануфактуры (Полотняного двора)."
45,Q25394333,Мост Волжские Ворота,"bridges,architecture,interesting_places,other_bridges",Ярославль,,Q25394333,3h,39.90126,57.625069,Q25394333,"Волжский мост — автомобильно-пешеходный мост через Медведицкий овраг в Ярославле, над Волжским спуском, часть Волжской набережной. Соединяет Стрелку с центром города.Представляет собой монументальное инженерное сооружение с мощными пилонами и широким арочным проездом."
46,Q56312986,Церковь Рождества Христова,"religion,other_temples,interesting_places",Ярославль,,Q56312986,3h,39.881786,57.711025,Q56312986,Церковь Рождества Христова — православный храм в селе Пономарёво Ярославской области (XVIII век). Обиходные названия: Христорождественская церковь; Рождественская церковь.
47,Q4165529,Дом муз,"museums,cultural,interesting_places,fashion_museums,art_galleries",Ярославль,,Q4165529,3h,39.869602,57.624615,Q4165529,"«Дом муз» — музей современного искусства в городе Ярославле, созданный в 1989 году членом Союза художников СССР, заслуженным художником Российской Федерации Ариадной Соколовой (1925-2013). С 2010 года стал филиалом Музея истории города Ярославля. Имеет обширную коллекцию произведений современного искусства. Расположен в здании, являющемся памятником истории и культуры областного значения."
48,Q4525185,Школа № 33 имени Карла Маркса,"historic_architecture,architecture,interesting_places,other_buildings_and_structures",Ярославль,,Q4525185,3h,39.881363,57.628075,Q4525185,"Школа № 33 имени Карла Маркса — школа с углублённым изучением математики в городе Ярославле.Является одной из наиболее известных за пределами города ярославских школ. В 33-й школе нет старших классов без углубленного изучения математики. Классы в параллелях различаются не по буквам, а по цифрам, например «11-1», «11-2», «11-3». В параллелях обычно по 3 класса, хотя в 8 и 9 классах их 4."
49,Q4538931,Ярославское художественное училище,"historic_architecture,architecture,interesting_places,other_buildings_and_structures",Ярославль,,Q4538931,3h,39.876846,57.609852,Q4538931,"Ярославское художественное училище — государственное учреждение среднего профессионального образования в городе Ярославле. Здание училища является объектом культурного наследия народов РФ федерального значения, охраняется государством."
50,Q4085572,Беседка на Волжской набережной,"historic_architecture,architecture,interesting_places,other_buildings_and_structures",Ярославль,,Q4085572,3h,39.896305,57.629944,Q4085572,"Беседка на Волжской набережной — открытая круглая шестиколонная беседка-ротонда с уплощённым куполом, один из символов Ярославля.Всего на ярославских набережных 4 беседки: беседка на Волжской набережной у управления СЖД, беседка на Волжской набережной у Мякушкинского спуска, беседка на Которосльной набережной на Стрелке и небольшая беседка на Которосльной набережной у гостиницы «Юбилейная». Но именно беседка у Мякушкинского спуска — первая из них, и по сей день считается одним из самых известных памятников города."
51,Q4146509,Гостиный двор (Ярославль),"historic_architecture,architecture,interesting_places,other_buildings_and_structures",Ярославль,,Q4146509,3h,39.886112,57.624443,Q4146509,"Гости́ный двор — памятник истории и архитектуры начала XIX века, построенный по проекту ярославского губернского архитектора П. Я. Панькова в центре Ярославля. Выстроен в стиле классицизма."
52,Q4204534,Исторический центр Ярославля,"historic,historical_places,interesting_places,historic_districts",Ярославль,,Q4204534,3h,39.887501,57.623611,Q4204534,"Исторический центр Ярославля — часть города Ярославля, внесённая в список Всемирного наследия ЮНЕСКО как «выдающийся пример градостроительной реформы Екатерины II, развёрнутой в масштабах всей России в 1763 году». Ограничена улицами Собинова (собственно объект охраны) и Республиканской (буферная зона). Большая часть этой территории известна в ярославской истории как Земляной город (а территория на мысе Стрелка — Рубленый город)."
53,Q4538877,Ярославский дворец молодёжи,"historic_architecture,architecture,interesting_places,other_buildings_and_structures",Ярославль,,Q4538877,3h,39.867222,57.63625,Q4538877,"Дворец молодёжи (бывший клуб «Гигант») — государственное автономное учреждение Ярославской области, подведомственное министерству спорта и молодёжной политики Ярославской области, культурно-досуговое учреждение в центральной части Ярославля, на пересечении проспектов Октября и Ленина.В структуре учреждения 9 отделов: информационно-технический отдел, отдел по работе с муниципальными учреждениями, отдел по работе с общественными объединениями, АРТ-отдел, отдел внешних связей, центр развития добровольчества, отдел бухгалтерского учета и отчетности, общий отдел и хозяйственный отдел."
54,Q60851633,Бутусовский посёлок,"historic_architecture,architecture,interesting_places,other_buildings_and_structures",Ярославль,,Q60851633,3h,39.871456,57.629276,Q60851633,"Буту́совский посёлок — комплекс жилых домов в центральной части города Ярославля, в квартале, ограниченном улицами Республиканской, Свердлова, Чайковского и Пушкина. Был построен по инициативе заведующего ярославским губкоммунотделом Бутусова Константина Ивановича в 1927—1929 годах. Редкий для Ярославля памятник архитектуры конструктивизма (наряду с клубом «Гигант» и Ляпинской котельной)."
55,N3691243291,Музей зарубежного искусства,"cultural,museums,interesting_places,art_galleries",Ярославль,node/3691243291,Q3329597,3,39.89579,57.627102,Q3329597,"Ярославский художественный музей — центральный художественный музей Ярославской области. Музей находится в зоне ЮНЕСКО и объединяет несколько зданий и парковых зон в историческом центре города. Главный комплекс расположен на Волжской набережной в исторических зданиях — бывшем губернаторском доме, Митрополичьих палатах и в доме Сорокиной Архивная копия от 13 января 2019 на Wayback Machine — купеческом особняке XIX века. Один филиал музея — дом-музей скульптора-академика А. М. Опекушина — находится в селе Рыбницы Некрасовского района Ярославской области. Другой филиал — «Дом на Новинской», музей быта провинциальной буржуазии — в здании бывшего Романово-Борисоглебского городского общественного банка. В музее представлены произведения русского, европейского и восточного искусства, регулярно проводятся временные выставки, устраиваются концерты классической и современной музыки."
56,W130733596,Ярославский зоопарк,"urban_environment,gardens_and_parks,cultural,museums,children_museums,interesting_places,zoos,open_air_museums",Ярославль,way/130733596,Q16723452,3,39.895737,57.674446,Q16723452,"Яросла́вский зоопа́рк — крупнейший по занимаемой площади зоопарк России. Ярославский зоопарк — первый в России и странах СНГ зоопарк ландшафтного типа, расположенный в Заволжском районе Ярославля, вблизи Смоленского бора.Официально открыт 20 августа 2008 года в рамках подготовки к 1000-летию Ярославля. Общая площадь зоопарка составила более 67 гектаров, на день открытия было освоено около 14, коллекция тогда содержала более 450 экземпляров животных более чем 200 видов.По состоянию на лето 2018 года зоопарк занимал 120 гектаров земли, на которой разместилось более чем 1000 видов общей численностью 3300 особей. За первое полугодие этого года его посетило почти 150 тысяч человек.В зоопарке есть «контактный» участок, где можно поближе познакомиться с некоторыми животными. Открыт работающий круглый год демонстрационно-учебный центр «Ковчег», где юные посетители могут подружиться с безобидными видами животных и лучше их узнать.Директор зоопарка с момента основания — Теймураз Кукуриевич Бараташвили."
57,W95943763,Храм Петра и Павла,"religion,churches,interesting_places,eastern_orthodox_churches",Ярославль,way/95943763,Q12140265,3,39.8437,57.602531,Q12140265,"Церковь Петра и Павла — православный храм в южной части Ярославля, в Петропавловском парке. Был построен купцом Иваном Затрапезным «как вечное напоминание об имени Великого Преобразователя России Петра I»."
58,N7931969085,Городам побратимам,"historic,monuments_and_memorials,interesting_places,monuments",Ярославль,node/7931969085,Q4343758,3,39.884804,57.625622,Q4343758,Памятный знак городам-побратимам Ярославля. Расположен в Ярославле на площади Волкова возле Знаменской башни.
59,W44899210,Успенский собор,"religion,cathedrals,churches,interesting_places,eastern_orthodox_churches",Ярославль,way/44899210,Q1140551,3,39.901978,57.622429,Q1140551,"Собор Успения Пресвятой Богородицы — православный храм в Ярославле, расположенный на Стрелке Волги и Которосли; кафедральный собор Ярославской митрополии и епархии Русской православной церкви. Был разрушен в советское время и восстановлен по новому проекту в 2004—2010 годах к 1000-летию города."
60,W96530735,Леонтьевская церковь,"cemeteries,religion,other_temples,historic,burial_places,interesting_places",Ярославль,way/96530735,Q30709938,3,39.834888,57.63068,Q30709938,"Леонтьевское кладбище — одно из действующих кладбищ Ярославля. Располагается в центральной части города, на Всполье. Часть некрополя занимает Военное мемориальное кладбище. На территории мемориального комплекса находится церковь святого Леонтия Ростовского (1791)."
61,W837349639,храм Ярославской иконы Божией Матери,"religion,churches,interesting_places,eastern_orthodox_churches",Ярославль,way/837349639,Q13668665,3,39.908268,57.582783,Q13668665,"Церковь Ярославской иконы Божией Матери — православный храм в южной части Ярославля, в жилом районе Сокол. Является малым храмом прихода в честь благоверного великого князя Ярослава Мудрого."
62,N3658286110,Музыка и время,"cultural,museums,interesting_places,other_museums",Ярославль,node/3658286110,Q4306599,3,39.894951,57.630356,Q4306599,"«Музыка и время» — первый частный музей в Российской Федерации, открывшийся в ноябре 1993 года. Находится в Ярославле, на Волжской набережной реки Волги, на территории бывшей усадьбы купца Вахромеева. Создатель и директор музея — актёр-фокусник и коллекционер Джон Мостославский.Артист оригинального жанра и иллюзионист, он был увлечён коллекционированием старинных вещей и собирал представленную в музее коллекцию на протяжении всей своей жизни.Со временем музей стал музейным комплексом, в состав которого вошли музеи фарфора и самоваров. Коллекция фарфора насчитывает около 2000 предметов. Это мелкая пластика заводов России и бывшего СССР, Германии, Венгрии, Чехии, Китая. Основу собрания составляют фарфоровые изделия таких заводов, как ЛФЗ, Дмитровский, Дулёвский, новгородский «Пролетарий», Гжель, «Первомайский» в Песочном Ярославской области, завод в Сысерти Свердловской области, Конаковский, Краснодарский, Сумской, Южноуральский, а также пять украинских предприятий. Среди авторов моделей фарфоровой скульптуры много известных художников: Е. Чарушин, А. Пахомов, Е. Янсон-Манизер, С. Велихова, Ю. Львов и др. Темы и сюжеты фарфоровых изделий — это костюмированные изображения разных народов, бытовые персонажи, анималистика, детский жанр, композиции на сказочную тематику, фольклорные и литературные сюжеты.Имеется органный зал, в котором регулярно проводятся концерты, в том числе, на старинных музыкальных инструментах."
63,R2036118,Власьевский сквер,"urban_environment,gardens_and_parks,cultural,interesting_places",Ярославль,relation/2036118,Q13668166,3,39.882793,57.626457,Q13668166,"Власьевский сад — сквер в историческом центре Ярославля, рядом с площадью Волкова."
64,N552713465,М.А. Богданович,"historic,monuments_and_memorials,interesting_places,monuments",Ярославль,node/552713465,Q471207,3,39.88715,57.632545,Q471207,"Макси́м Ада́мович Богдано́вич (белор. Максім Адамавіч Багдановіч; 27 ноября [9 декабря] 1891, Минск — 12 [25] мая 1917, Ялта, Таврическая губерния) — белорусский поэт, публицист, литературовед, переводчик, классик белорусской литературы, один из создателей белорусской литературы и современного литературного белорусского языка."
65,W240658074,Цирк,"circuses,cultural,theatres_and_entertainments,interesting_places",Ярославль,way/240658074,Q4538876,3,39.865444,57.625584,Q4538876,Ярославский государственный цирк — государственный цирк в городе Ярославле. Находится на площади Труда. Цирк открыт в 1963 году.  Зрительный зал цирка вмещает 1632 человека.
66,W114127277,часовня Казанской Богоматери,"religion,churches,interesting_places,other_churches",Ярославль,way/114127277,Q3657520,3,39.890251,57.620323,Q3657520,"Часовня Казанской иконы Божией Матери — часовня-памятник в центре Ярославля, на набережной реки Которосль перед Святыми воротами Спасо-Преображенского монастыря. Освящена в честь Казанской иконы Божией Матери в августе 1997 года во время празднования 385-летия выхода ополчения на Москву. Автор проекта — архитектор Г. Л. Дайнов.Часовня изображена на 1000-рублёвой купюре."
67,N965847355,Театр кукол,"puppetries,cultural,theatres_and_entertainments,interesting_places",Ярославль,node/965847355,Q4538870,3,39.876846,57.624577,Q4538870,Ярославский государственный театр кукол — государственный кукольный театр в Ярославле. Расположен на площади Юности в одном здании с Театром юного зрителя.
68,W84997561,Старообрядческий храм Иоанна Златоуста в Коровниках,"religion,churches,interesting_places,other_churches",Ярославль,way/84997561,Q21008370,3,39.90596,57.61158,Q21008370,"Церковь Иоанна Златоуста в Коровниках (Златоустовская церковь) — православный храм в южной части Ярославля, в посёлке Коровники на берегу Волги. Один из выдающихся памятников Ярославской школы зодчества и живописи XVII века. Вместе с Владимирским храмом и колокольней образуют единый архитектурный ансамбль.С 1992 года принадлежит Ярославско-Костромской епархии Русской православной старообрядческой церкви."
69,R6279026,Парк 1000-летия Ярославля,"urban_environment,gardens_and_parks,cultural,interesting_places",Ярославль,relation/6279026,Q4421071,3,39.871151,57.616882,Q4421071,"Парк 1000-летия Ярославля — парк в центральной части города Ярославля, на Которосльной набережной. Авторы проекта парка — член Союза архитекторов РФ Василий Гребенщиков и архитектор Николай Кудряшов."
70,W45846077,Ярославский государственный театр юного зрителя им. В. С. Розова,"cultural,theatres_and_entertainments,interesting_places,children_theatres",Ярославль,way/45846077,Q4538871,3,39.876179,57.624504,Q4538871,"Ярославский государственный театр юного зрителя  имени В. С. Розова — театр юного зрителя в Ярославле, государственное учреждение культуры Ярославской области."
71,W222984781,Музей Боевой Славы,"cultural,museums,interesting_places,museums_of_science_and_technology,history_museums,other_technology_museums,military_museums",Ярославль,way/222984781,Q4306222,3,39.831711,57.633209,Q4306222,"Ярославский Музей Боевой Славы — музей в городе Ярославле, посвящённый военным и трудовым подвигам жителей города во время Великой Отечественной войны . Изначально был музеем 234-й стрелковой дивизии (234-й Ломоносовско-Пражской орденов Суворова и Богдана Хмельницкого стрелковой дивизии, также известной как Ярославская дивизия народного ополчения и Ярославская коммунистическая дивизия)."
72,Q4157550,Демидовский столп (Ярославль),"architecture,historic_architecture,interesting_places,destroyed_objects",Ярославль,,Q4157550,3,39.897221,57.625038,Q4157550,"Демидовский столп в Ярославле — памятник Павлу Григорьевичу Демидову, основателю Ярославского Демидовского училища высших наук.Был установлен на Парадной площади в Ярославле на средства жителей города и других добровольных жертвователей. Открыт 6 (18) марта 1829 года. Представлял собой дорическую бронзовую колонну (внутри заполненную песком) высотой 17 аршин (12 метров) на гранитном пьедестале, с бронзовой небесной сферой и позолоченным парящим двуглавым орлом сверху.В 1885 году городским главой И. А. Вахромеевым вокруг столпа был разбит сад, со временем ставший по столпу называться Демидовским.После Февральской революции с памятника убрали орла (символ самодержавия) и небесную сферу, а в 1931 году памятник был разрушен.В 2004 году инициатором восстановления Демидовского столпа выступил Музей истории города, эта идея была поддержана мэром Ярославля В. В. Волончунасом. Памятник был восстановлен на прежнем месте на средства городского бюджета (более 20 млн рублей) в 2005 году. Открытие состоялось 9 декабря 2005 года. Это самый высокий монумент Ярославля."
73,Q28056804,Cerkiew św. Dymitra Sołuńskiego w Jarosławiu,"religion,churches,interesting_places,eastern_orthodox_churches",Ярославль,,Q28056804,3,39.88139,57.62167,Q28056804,"Церковь святого Дмитрия Солунского в Ярославле (Ярославль) представляет собой один из примечательных храмов города, который был построен в конце XVII века1. Она была возведена на месте более древнего храма, разрушенного в результате пожара."
74,Q28058985,Cerkiew Narodzenia Pańskiego w Jarosławiu,"religion,churches,interesting_places,eastern_orthodox_churches",Ярославль,,Q28058985,3,39.89436,57.630562,Q28058985,"Церковь Рождества Христова — недействующий православный храм в историческом центре Ярославля, на берегу Волги. Один из лучших памятников Ярославской школы зодчества и живописи XVII века."
75,Q4320775,Николо-Сковородский монастырь,"religion,architecture,historic_architecture,monasteries,interesting_places,destroyed_objects",Ярославль,,Q4320775,3,39.842442,57.600094,Q4320775,Нико́ло-Сковоро́дский на Глинищах монасты́рь — упразднённый мужской монастырь в Ярославле.
76,Q25389078,Памятник 1000-летию Ярославля,"historic,monuments_and_memorials,interesting_places,monuments",Ярославль,,Q25389078,3,39.904823,57.617668,Q25389078,"Памятник 1000-летию Ярославля расположен в историческом центре города, в нижнем ярусе парка на Стрелке. Открыт 10 сентября 2010 года в ходе проведения торжеств, посвящённых 1000-летия города Ярославля.Создателями монумента является московский авторский коллектив: скульптор-архитектор Михаил Точёный, скульптор А. Н. Ковальчук и архитектор М. Корси. Проект реализован на средства ОАО «Газпром».Проект памятника был выбран по результатам открытого конкурса, на который было представлено 20 проектов. По замыслу планировщиков и руководителей города монумент должен «в яркой и ёмкой форме воплощать главную идею вклада Ярославля в развитие России». Участники конкурса предлагали не только образ и форму, но и место для памятника в городе."
77,Q4538885,Ярославский камерный театр,"theatres_and_entertainments,cultural,interesting_places,other_theatres",Ярославль,,Q4538885,3,39.8811,57.629101,Q4538885,"Ярославский камерный театр под руководством Владимира Воронцова — частный камерный театр в Ярославле. По собственным данным, единственный в России репертуарный частный театр с постоянной труппой и штатными сотрудниками."
78,Q30913943,Cerkiew Włodzimierskiej Ikony Matki Bożej w Jarosławiu,"religion,churches,interesting_places,eastern_orthodox_churches",Ярославль,,Q30913943,3,39.906563,57.611237,Q30913943,"Церковь Владимирской иконы Божией Матери в Ярославле является значимым храмом города, построенным в начале XVIII века1. Этот храм отличается своей архитектурой, сочетающей элементы древнерусского стиля и барокко1. Церковь Владимирской иконы Божией Матери была возведена на месте более древнего храма, который был разрушен."
79,Q19909049,Парк на Стрелке,"gardens_and_parks,cultural,urban_environment,interesting_places",Ярославль,,Q19909049,3,39.902702,57.622063,Q19909049,Парк на Стрелке — парк в историческом центре Ярославля. Одна из главных достопримечательностей города. Расположен на Стрелке — мысе при впадении реки Которосль в Волгу. Состоит из двух частей — верхнего партера (в Рубленом городе) и нижнего (на косе).
80,Q4361245,Петровский монастырь (Ярославль),"religion,monasteries,interesting_places",Ярославль,,Q4361245,3,39.897964,57.642868,Q4361245,"Петровский (Петропавловский) монастырь — упраздненный мужской монастырь в Ярославле, на берегу Волги, существовавший в XI—XV веках. Находился на месте современного въезда на Октябрьский мост."
81,W77730252,Автомеханический техникум,"architecture,historic_architecture,interesting_places,other_buildings_and_structures",Ярославль,way/77730252,Q4538862,2h,39.850819,57.641842,Q4538862,"Ярославский автомеханический колледж — государственное учреждение среднего профессионального образования в городе Ярославле.Открыт в 1929 году как Ярославский техникум авто- и машиностроения. В 1933 году был переименован в Ярославский автомеханический техникум. В результате реорганизации (присоединение Профессионального лицея №2) с 27 января 2014 года называется ""Ярославский автомеханический колледж"". Подготовлено свыше 20 тысяч специалистов. Среди выпускников академик Российской академии наук техник К. С. Колесников, глава Ярославля и области В. Ф. Горулёв, генеральный директор БелАЗа П. Л. Мариев, спортсмен-стрелок В. М. Корнев и другие известные люди.Подготовка ведётся по 8 специальностям и 4 рабочим профессиям. Имеются библиотека и читальный зал, учебно-производственные мастерские, информационный центр, 2 спортивных зала, столовая, учебно-лабораторная база.Специальности:Техническая эксплуатация и обслуживание электрического и электромеханического оборудования (по отраслям)Монтаж и техническая эксплуатация промышленного оборудования (по отраслям)Технология машиностроенияТехническое обслуживание и ремонт автомобильного транспортаАвтоматизация технологических процессов и производств (по отраслям)Компьютерные системы и комплексыПрограммирование в компьютерных системахОперационная деятельность в логистикеРабочие профессииАвтомеханникСлесарь по ремонту строительной техникиЭлектромонтер по ремонту и обслуживанию электрического оборудования (по отраслям)Мастер по обработке цифровой информации"
82,N1050096042,М.В. Фрунзе,"historic,monuments_and_memorials,interesting_places,monuments",Ярославль,node/1050096042,Q4343266,2h,39.874001,57.599037,Q4343266,"Памятник М.В. Фрунзе в Ярославле был установлен в 1986 году по проекту архитектора А.А. Бичукова. Он расположен напротив Ярославского речного вокзала и представляет собой бюст Фрунзе, водружённый на строгий постамент. Памятник посвящён одному из крупнейших советских военачальников в годы Гражданской войны, военному комиссару Ярославского военного округа Михаилу Васильевичу Фрунзе."
83,N552713450,Ф. Г. Волкову,"historic,monuments_and_memorials,urban_environment,cultural,interesting_places,sculptures,monuments",Ярославль,node/552713450,Q4343395,2h,39.883522,57.626495,Q4343395,"Памятник актёру Ф. Г. Волкову расположен в центре Ярославля, на площади имени Волкова, во Власьевском саду слева от здания Волковского театра."
84,N4928995381,Фёдор Иванович Толбухин,"historic,monuments_and_memorials,interesting_places,monuments",Ярославль,node/4928995381,Q4343398,2h,39.858017,57.632484,Q4343398,"Памятник маршалу Толбухину — памятник уроженцу Ярославской губернии, маршалу Советского Союза Ф. И. Толбухину, установленный в Ярославле в конце проспекта Толбухина на Юбилейной площади."
85,N966584280,Г.М. Димитрову,"historic,monuments_and_memorials,interesting_places,monuments",Ярославль,node/966584280,Q4343126,2h,39.873543,57.634766,Q4343126,"Памятник Георгию Димитрову (Ярославль) — памятник болгарскому революционеру, государственному, политическому и партийному деятелю Георгию Михайловичу Димитрову, установленный в городе Ярославле."
86,Q2494278,Тимерёвский археологический комплекс,"historic,historical_places,archaeology,interesting_places,other_archaeological_sites,historic_settlements",Ярославль,,Q2494278,2h,39.741951,57.53627,Q2494278,"Тимерёвский археологи́ческий ко́мплекс — полиэтничный археологический комплекс IX — начала XI века в Верхнем Поволжье под Ярославлем вблизи бывшей деревни Большое Тимерёво (Карабихское сельское поселение) на берегу реки Сечка (сейчас почти исчезнувшей), притоке реки Которосль. Состоит из двух неукреплённых поселений общей площадью более 11 га, курганного могильника, на котором раскопано не менее 472 насыпей и трёх кладов монет арабских правителей начиная с испанских Омейядов VIII века и первых Идрисидов."
87,Q97161882,Михайловские курганы,"historic,archaeology,interesting_places,other_archaeological_sites",Ярославль,,Q97161882,2h,39.747612,57.765659,Q97161882,"Михайловские курганы — группа курганов, языческое кладбище (более 400 насыпей) 2-й половины X — начала XI веков близ деревни Кузнечиха Ярославского районаЯрославской области. Располагается близ реки Волга. Исследования проводились с конца XIX века по 1961 год."
88,Q4091101,Больница имени Н. В. Соловьёва,"historic_architecture,architecture,interesting_places,other_buildings_and_structures",Ярославль,,Q4091101,2h,39.86388,57.63892,Q4091101,Государственное автономное учреждение здравоохранения Ярославской области «Клиническая больница скорой медицинской помощи имени Н. В. Соловьёва» (ГАУЗ ЯО КБ СМП им. Н. В. Соловьёва) — больница в городе Ярославль.
89,U3739,Музей занимательных наук Эйнштейна,"museums,cultural,science_museums,children_museums,interesting_places,museums_of_science_and_technology,other_technology_museums",Ярославль,,,2,39.8381,57.670315,U3739,"Музей занимательных наук Эйнштейна в Ярославле был открыт 3 октября 2013 года и является интерактивным музеем науки. Он расположен в ТРЦ ""РИО"" на Тутаевском шоссе, д. 1. Музей предлагает посетителям увлекательные экспозиции, связанные с наукой, техникой и математикой, которые позволяют познакомиться с законами физики и другими научными дисциплинами."
90,U3885,Дом-музей Максима Богдановича,"biographical_museums,museums,cultural,interesting_places",Ярославль,,,2,39.870636,57.624523,U3885,"Дом-музей Максима Богдановича в Ярославле представляет собой уникальное место, где поэт проживал с семьей в 1908-1916 годах. Этот музей был открыт в 1992 году и является мемориальным музеем, посвященным классику белорусской литературы Максиму Адамовичу Богдановичу. В доме-музее сохранен домашний интерьер семьи Богдановичей, личные вещи поэта и сборники его стихов. Это уютное деревянное здание, построенное в 1908 году, представляет собой типичный образец городской застройки того времени."
91,U4106,Выставочный зал имени Нужина,"museums,cultural,interesting_places,local_museums,art_galleries",Ярославль,,,2,39.880016,57.625282,U4106,"Выставочный зал имени Н.А. Нужина в Ярославле представляет собой выставочный центр, расположенный по адресу: улица Свободы, 15. Этот зал является местом проведения различных выставок и культурных мероприятий в городе Ярославль. В выставочном зале можно увидеть разнообразные экспозиции и произведения искусства, представленные как местными, так и известными художниками и мастерами."
